Open,High,Low,Close,Adj Close,Volume,Date,CompanyName
13.61,13.88,13.27,13.81,13.81,78320200.0,2017-07-10T00:00:00,AMD
13.77,14.1,13.62,13.89,13.89,71102300.0,2017-07-11T00:00:00,AMD
14.17,14.39,13.96,14.29,14.29,78508400.0,2017-07-12T00:00:00,AMD
14.33,14.49,13.43,13.53,13.53,111656900.0,2017-07-13T00:00:00,AMD
13.46,13.93,13.32,13.92,13.92,82084600.0,2017-07-14T00:00:00,AMD
14.03,14.12,13.51,13.8,13.8,71690800.0,2017-07-17T00:00:00,AMD
13.29,13.53,13.15,13.48,13.48,78366500.0,2017-07-18T00:00:00,AMD
13.62,13.74,13.41,13.55,13.55,51957800.0,2017-07-19T00:00:00,AMD
13.61,13.89,13.45,13.8,13.8,47707500.0,2017-07-20T00:00:00,AMD
13.7,14.05,13.62,13.88,13.88,51045700.0,2017-07-21T00:00:00,AMD
14.0,14.44,13.97,14.16,14.16,71014900.0,2017-07-24T00:00:00,AMD
14.29,14.32,13.87,14.11,14.11,98047400.0,2017-07-25T00:00:00,AMD
15.13,15.65,14.4,14.76,14.76,236083000.0,2017-07-26T00:00:00,AMD
14.99,15.04,13.7,14.12,14.12,130303700.0,2017-07-27T00:00:00,AMD
13.85,14.1,13.68,13.95,13.95,66763800.0,2017-07-28T00:00:00,AMD
14.09,14.22,13.47,13.61,13.61,69108700.0,2017-07-31T00:00:00,AMD
13.72,13.86,13.45,13.71,13.71,49149900.0,2017-08-01T00:00:00,AMD
13.81,13.93,13.12,13.37,13.37,67502200.0,2017-08-02T00:00:00,AMD
13.42,13.52,13.08,13.24,13.24,52557400.0,2017-08-03T00:00:00,AMD
13.2,13.36,13.02,13.12,13.12,64254000.0,2017-08-04T00:00:00,AMD
13.33,13.57,13.27,13.43,13.43,57486800.0,2017-08-07T00:00:00,AMD
13.48,13.55,13.08,13.11,13.11,47338000.0,2017-08-08T00:00:00,AMD
12.76,12.89,12.54,12.83,12.83,58861500.0,2017-08-09T00:00:00,AMD
12.7,12.92,12.11,12.12,12.12,83113400.0,2017-08-10T00:00:00,AMD
12.04,12.39,11.88,12.23,12.23,63558800.0,2017-08-11T00:00:00,AMD
12.58,12.85,12.58,12.76,12.76,64426100.0,2017-08-14T00:00:00,AMD
13.01,13.14,12.75,13.02,13.02,57990300.0,2017-08-15T00:00:00,AMD
13.17,13.19,12.52,12.63,12.63,64639400.0,2017-08-16T00:00:00,AMD
12.46,12.65,12.32,12.34,12.34,47371000.0,2017-08-17T00:00:00,AMD
12.43,12.56,12.25,12.37,12.37,37521700.0,2017-08-18T00:00:00,AMD
12.42,12.42,11.86,12.05,12.05,58888500.0,2017-08-21T00:00:00,AMD
12.2,12.33,12.1,12.17,12.17,39033200.0,2017-08-22T00:00:00,AMD
12.0,12.54,11.95,12.48,12.48,44345400.0,2017-08-23T00:00:00,AMD
12.69,12.71,12.39,12.5,12.5,37269700.0,2017-08-24T00:00:00,AMD
12.51,12.57,12.25,12.43,12.43,29732000.0,2017-08-25T00:00:00,AMD
12.53,12.55,12.16,12.23,12.23,35969600.0,2017-08-28T00:00:00,AMD
12.0,12.18,11.93,12.15,12.15,33618100.0,2017-08-29T00:00:00,AMD
12.19,12.68,12.16,12.67,12.67,43933000.0,2017-08-30T00:00:00,AMD
12.82,13.16,12.79,13.0,13.0,51822100.0,2017-08-31T00:00:00,AMD
13.12,13.49,13.04,13.19,13.19,53158600.0,2017-09-01T00:00:00,AMD
12.88,13.18,12.65,12.92,12.92,51445500.0,2017-09-05T00:00:00,AMD
13.02,13.08,12.75,12.86,12.86,34182400.0,2017-09-06T00:00:00,AMD
12.84,12.94,12.6,12.63,12.63,35816900.0,2017-09-07T00:00:00,AMD
12.57,12.61,12.04,12.25,12.25,60886200.0,2017-09-08T00:00:00,AMD
12.46,12.74,12.4,12.55,12.55,43346100.0,2017-09-11T00:00:00,AMD
12.66,12.68,12.21,12.3,12.3,54413100.0,2017-09-12T00:00:00,AMD
12.22,12.36,12.12,12.22,12.22,37210700.0,2017-09-13T00:00:00,AMD
12.15,12.46,12.11,12.26,12.26,37220200.0,2017-09-14T00:00:00,AMD
12.33,12.66,12.31,12.52,12.52,50337400.0,2017-09-15T00:00:00,AMD
12.77,13.3,12.74,13.08,13.08,83517400.0,2017-09-18T00:00:00,AMD
13.25,13.29,12.88,13.12,13.12,65455200.0,2017-09-19T00:00:00,AMD
13.07,13.8,12.8,13.74,13.74,102682400.0,2017-09-20T00:00:00,AMD
14.0,14.24,13.32,13.41,13.41,166821900.0,2017-09-21T00:00:00,AMD
13.2,13.4,13.12,13.3,13.3,50547000.0,2017-09-22T00:00:00,AMD
13.25,13.28,12.49,12.61,12.61,84172200.0,2017-09-25T00:00:00,AMD
12.85,12.93,12.43,12.45,12.45,68302000.0,2017-09-26T00:00:00,AMD
12.65,12.87,12.5,12.74,12.74,59947200.0,2017-09-27T00:00:00,AMD
12.76,12.84,12.55,12.74,12.74,35812300.0,2017-09-28T00:00:00,AMD
12.77,12.82,12.6,12.75,12.75,33926900.0,2017-09-29T00:00:00,AMD
12.8,12.85,12.62,12.71,12.71,34461100.0,2017-10-02T00:00:00,AMD
12.73,13.48,12.7,13.42,13.42,85174000.0,2017-10-03T00:00:00,AMD
13.31,13.5,13.15,13.31,13.31,42303200.0,2017-10-04T00:00:00,AMD
13.38,13.46,13.21,13.34,13.34,34758600.0,2017-10-05T00:00:00,AMD
13.22,13.39,13.18,13.23,13.23,28258700.0,2017-10-06T00:00:00,AMD
13.26,13.83,13.26,13.47,13.47,54032500.0,2017-10-09T00:00:00,AMD
13.72,13.79,13.44,13.7,13.7,43304000.0,2017-10-10T00:00:00,AMD
13.62,13.96,13.61,13.88,13.88,38746600.0,2017-10-11T00:00:00,AMD
13.85,14.37,13.81,14.2,14.2,69874100.0,2017-10-12T00:00:00,AMD
14.32,14.41,14.12,14.22,14.22,37515800.0,2017-10-13T00:00:00,AMD
14.25,14.35,14.12,14.26,14.26,34136800.0,2017-10-16T00:00:00,AMD
14.24,14.35,14.14,14.16,14.16,28995600.0,2017-10-17T00:00:00,AMD
14.2,14.28,13.76,14.07,14.07,39020300.0,2017-10-18T00:00:00,AMD
13.85,14.04,13.69,13.95,13.95,33795700.0,2017-10-19T00:00:00,AMD
14.03,14.09,13.8,13.81,13.81,32538900.0,2017-10-20T00:00:00,AMD
13.94,14.19,13.9,14.1,14.1,49838000.0,2017-10-23T00:00:00,AMD
14.2,14.36,14.15,14.25,14.25,84891600.0,2017-10-24T00:00:00,AMD
12.95,13.13,12.29,12.33,12.33,166762100.0,2017-10-25T00:00:00,AMD
12.45,12.46,12.0,12.01,12.01,87625400.0,2017-10-26T00:00:00,AMD
12.17,12.19,11.35,11.84,11.84,115650400.0,2017-10-27T00:00:00,AMD
11.26,11.42,10.65,10.89,10.89,137785100.0,2017-10-30T00:00:00,AMD
10.76,11.31,10.69,10.99,10.99,78600000.0,2017-10-31T00:00:00,AMD
11.25,11.29,10.72,10.8,10.8,66875500.0,2017-11-01T00:00:00,AMD
10.87,10.99,10.66,10.85,10.85,47942500.0,2017-11-02T00:00:00,AMD
10.95,11.13,10.82,11.12,11.12,44264300.0,2017-11-03T00:00:00,AMD
12.04,12.09,11.64,11.93,11.93,96349800.0,2017-11-06T00:00:00,AMD
11.94,12.27,11.92,12.05,12.05,67900200.0,2017-11-07T00:00:00,AMD
11.94,11.95,11.51,11.71,11.71,59065000.0,2017-11-08T00:00:00,AMD
11.25,11.35,11.03,11.12,11.12,76821200.0,2017-11-09T00:00:00,AMD
11.22,11.43,11.12,11.26,11.26,50209900.0,2017-11-10T00:00:00,AMD
11.18,11.2,10.92,11.09,11.09,54068300.0,2017-11-13T00:00:00,AMD
11.03,11.26,11.0,11.12,11.12,37245000.0,2017-11-14T00:00:00,AMD
11.01,11.13,10.77,11.07,11.07,33524700.0,2017-11-15T00:00:00,AMD
11.13,11.32,11.13,11.25,11.25,31800400.0,2017-11-16T00:00:00,AMD
11.3,11.75,11.28,11.38,11.38,56775600.0,2017-11-17T00:00:00,AMD
11.47,11.51,11.19,11.34,11.34,35960200.0,2017-11-20T00:00:00,AMD
11.42,11.49,11.24,11.4,11.4,31881700.0,2017-11-21T00:00:00,AMD
11.41,11.49,11.3,11.37,11.37,23816500.0,2017-11-22T00:00:00,AMD
11.38,11.42,11.3,11.38,11.38,11035800.0,2017-11-24T00:00:00,AMD
11.34,11.74,11.34,11.55,11.55,41798300.0,2017-11-27T00:00:00,AMD
11.45,11.54,11.0,11.17,11.17,65325700.0,2017-11-28T00:00:00,AMD
11.08,11.17,10.73,10.83,10.83,63333800.0,2017-11-29T00:00:00,AMD
10.87,11.03,10.76,10.89,10.89,43205000.0,2017-11-30T00:00:00,AMD
10.81,10.97,10.53,10.73,10.73,42128800.0,2017-12-01T00:00:00,AMD
10.85,10.86,9.82,10.03,10.03,97328300.0,2017-12-04T00:00:00,AMD
9.89,10.34,9.7,9.91,9.91,67304100.0,2017-12-05T00:00:00,AMD
9.9,10.05,9.71,10.0,10.0,38952200.0,2017-12-06T00:00:00,AMD
10.07,10.19,9.95,10.04,10.04,32665600.0,2017-12-07T00:00:00,AMD
10.15,10.2,9.92,9.94,9.94,34897000.0,2017-12-08T00:00:00,AMD
9.97,10.16,9.96,10.16,10.16,29956400.0,2017-12-11T00:00:00,AMD
10.13,10.14,9.88,9.9,9.9,36211000.0,2017-12-12T00:00:00,AMD
9.97,10.21,9.95,10.11,10.11,41494800.0,2017-12-13T00:00:00,AMD
10.1,10.17,9.96,10.13,10.13,29006800.0,2017-12-14T00:00:00,AMD
10.13,10.32,10.02,10.29,10.29,45462300.0,2017-12-15T00:00:00,AMD
10.6,11.0,10.51,10.98,10.98,63797700.0,2017-12-18T00:00:00,AMD
11.0,11.19,10.87,10.95,10.95,43852900.0,2017-12-19T00:00:00,AMD
11.1,11.18,10.8,10.98,10.98,31420300.0,2017-12-20T00:00:00,AMD
10.98,11.08,10.87,10.89,10.89,21884300.0,2017-12-21T00:00:00,AMD
10.75,10.77,10.2,10.54,10.54,50744500.0,2017-12-22T00:00:00,AMD
10.38,10.58,10.34,10.46,10.46,20437900.0,2017-12-26T00:00:00,AMD
10.45,10.74,10.4,10.53,10.53,22921800.0,2017-12-27T00:00:00,AMD
10.57,10.64,10.43,10.55,10.55,18609400.0,2017-12-28T00:00:00,AMD
10.57,10.58,10.27,10.28,10.28,26678900.0,2017-12-29T00:00:00,AMD
10.42,11.02,10.34,10.98,10.98,44146300.0,2018-01-02T00:00:00,AMD
11.61,12.14,11.36,11.55,11.55,154066700.0,2018-01-03T00:00:00,AMD
12.1,12.43,11.97,12.12,12.12,109503000.0,2018-01-04T00:00:00,AMD
12.19,12.22,11.66,11.88,11.88,63808900.0,2018-01-05T00:00:00,AMD
12.01,12.3,11.85,12.28,12.28,63346000.0,2018-01-08T00:00:00,AMD
12.0,12.02,11.71,11.82,11.82,62560900.0,2018-01-09T00:00:00,AMD
11.63,12.15,11.56,11.96,11.96,52561200.0,2018-01-10T00:00:00,AMD
12.07,12.19,11.9,12.14,12.14,38354900.0,2018-01-11T00:00:00,AMD
11.82,12.07,11.8,12.02,12.02,47149300.0,2018-01-12T00:00:00,AMD
12.05,12.2,11.8,11.91,11.91,42686600.0,2018-01-16T00:00:00,AMD
11.9,12.19,11.82,12.18,12.18,39020800.0,2018-01-17T00:00:00,AMD
12.18,12.68,12.15,12.47,12.47,62086200.0,2018-01-18T00:00:00,AMD
12.56,12.88,12.54,12.59,12.59,46800700.0,2018-01-19T00:00:00,AMD
12.61,12.74,12.37,12.65,12.65,34758600.0,2018-01-22T00:00:00,AMD
12.82,13.0,12.76,12.94,12.94,46417200.0,2018-01-23T00:00:00,AMD
13.02,13.05,12.6,12.71,12.71,41956400.0,2018-01-24T00:00:00,AMD
12.78,12.94,12.32,12.41,12.41,42966600.0,2018-01-25T00:00:00,AMD
12.7,12.95,12.62,12.95,12.95,44239000.0,2018-01-26T00:00:00,AMD
13.13,13.47,13.05,13.32,13.32,66645400.0,2018-01-29T00:00:00,AMD
13.12,13.27,12.69,12.87,12.87,91236400.0,2018-01-30T00:00:00,AMD
13.24,13.85,13.15,13.74,13.74,140977800.0,2018-01-31T00:00:00,AMD
13.62,13.84,13.21,13.25,13.25,67543300.0,2018-02-01T00:00:00,AMD
13.05,13.06,12.43,12.45,12.45,79432600.0,2018-02-02T00:00:00,AMD
12.05,12.18,10.93,11.57,11.57,116568900.0,2018-02-05T00:00:00,AMD
11.04,11.74,11.0,11.65,11.65,87123200.0,2018-02-06T00:00:00,AMD
11.7,11.9,11.53,11.6,11.6,55758400.0,2018-02-07T00:00:00,AMD
11.72,11.85,11.21,11.22,11.22,56471800.0,2018-02-08T00:00:00,AMD
11.54,11.57,10.63,11.31,11.31,85458200.0,2018-02-09T00:00:00,AMD
11.47,11.8,11.43,11.68,11.68,63160900.0,2018-02-12T00:00:00,AMD
11.6,11.82,11.53,11.78,11.78,33661400.0,2018-02-13T00:00:00,AMD
11.72,12.31,11.63,12.2,12.2,51756800.0,2018-02-14T00:00:00,AMD
12.4,12.63,12.07,12.19,12.19,59593800.0,2018-02-15T00:00:00,AMD
12.11,12.23,11.82,11.82,11.82,47332300.0,2018-02-16T00:00:00,AMD
11.72,12.19,11.71,12.02,12.02,47096500.0,2018-02-20T00:00:00,AMD
12.12,12.12,11.72,11.72,11.72,40195800.0,2018-02-21T00:00:00,AMD
11.82,12.0,11.63,11.84,11.84,37886300.0,2018-02-22T00:00:00,AMD
11.95,12.16,11.94,12.07,12.07,33317600.0,2018-02-23T00:00:00,AMD
12.14,12.43,12.05,12.42,12.42,42265200.0,2018-02-26T00:00:00,AMD
12.43,12.88,12.39,12.53,12.53,55975300.0,2018-02-27T00:00:00,AMD
12.66,12.73,12.1,12.11,12.11,43387500.0,2018-02-28T00:00:00,AMD
12.26,12.27,11.66,11.9,11.9,63207400.0,2018-03-01T00:00:00,AMD
11.67,11.93,11.43,11.81,11.81,58123500.0,2018-03-02T00:00:00,AMD
11.69,12.06,11.61,11.91,11.91,43734800.0,2018-03-05T00:00:00,AMD
12.01,12.05,11.71,11.76,11.76,46751200.0,2018-03-06T00:00:00,AMD
11.58,12.82,11.55,12.24,12.24,127603200.0,2018-03-07T00:00:00,AMD
12.4,12.59,11.74,11.97,11.97,76011200.0,2018-03-08T00:00:00,AMD
12.03,12.04,11.58,11.7,11.7,89674400.0,2018-03-09T00:00:00,AMD
11.76,11.82,11.48,11.52,11.52,83748700.0,2018-03-12T00:00:00,AMD
11.5,12.04,11.1,11.64,11.64,174302600.0,2018-03-13T00:00:00,AMD
11.7,11.72,11.26,11.36,11.36,80540800.0,2018-03-14T00:00:00,AMD
11.43,11.55,11.19,11.46,11.46,66373900.0,2018-03-15T00:00:00,AMD
11.49,11.55,11.32,11.47,11.47,37591000.0,2018-03-16T00:00:00,AMD
11.41,11.74,11.35,11.43,11.43,53308600.0,2018-03-19T00:00:00,AMD
11.41,11.52,11.0,11.11,11.11,65116900.0,2018-03-20T00:00:00,AMD
11.16,11.34,11.11,11.26,11.26,44691700.0,2018-03-21T00:00:00,AMD
11.1,11.26,10.85,10.91,10.91,59944200.0,2018-03-22T00:00:00,AMD
10.91,10.97,10.57,10.63,10.63,54844500.0,2018-03-23T00:00:00,AMD
10.71,10.8,10.18,10.44,10.44,75878500.0,2018-03-26T00:00:00,AMD
10.51,10.59,9.9,10.0,10.0,68551300.0,2018-03-27T00:00:00,AMD
9.99,10.17,9.79,9.81,9.81,64832100.0,2018-03-28T00:00:00,AMD
9.94,10.08,9.81,10.05,10.05,48681400.0,2018-03-29T00:00:00,AMD
9.99,10.14,9.51,9.53,9.53,64824600.0,2018-04-02T00:00:00,AMD
9.63,9.77,9.3,9.55,9.55,54891600.0,2018-04-03T00:00:00,AMD
9.08,9.81,9.04,9.77,9.77,67356900.0,2018-04-04T00:00:00,AMD
10.05,10.2,9.91,10.02,10.02,65758800.0,2018-04-05T00:00:00,AMD
9.83,10.1,9.5,9.61,9.61,51087100.0,2018-04-06T00:00:00,AMD
9.75,9.84,9.52,9.53,9.53,38382600.0,2018-04-09T00:00:00,AMD
9.75,10.04,9.71,9.98,9.98,42849200.0,2018-04-10T00:00:00,AMD
9.87,10.03,9.79,9.82,9.82,29169300.0,2018-04-11T00:00:00,AMD
9.98,10.1,9.82,10.08,10.08,47784400.0,2018-04-12T00:00:00,AMD
10.2,10.22,9.88,9.93,9.93,38935700.0,2018-04-13T00:00:00,AMD
10.0,10.17,9.9,10.09,10.09,28875100.0,2018-04-16T00:00:00,AMD
10.28,10.53,10.2,10.52,10.52,45360300.0,2018-04-17T00:00:00,AMD
10.51,10.65,10.33,10.36,10.36,42449600.0,2018-04-18T00:00:00,AMD
10.18,10.33,9.99,10.11,10.11,57841600.0,2018-04-19T00:00:00,AMD
10.05,10.14,9.95,9.99,9.99,39011900.0,2018-04-20T00:00:00,AMD
10.09,10.19,9.97,10.04,10.04,42971300.0,2018-04-23T00:00:00,AMD
10.19,10.35,9.95,10.09,10.09,44992200.0,2018-04-24T00:00:00,AMD
10.06,10.09,9.56,9.71,9.71,90578000.0,2018-04-25T00:00:00,AMD
10.87,11.19,10.61,11.04,11.04,145284100.0,2018-04-26T00:00:00,AMD
11.2,11.36,11.02,11.11,11.11,74347800.0,2018-04-27T00:00:00,AMD
11.06,11.14,10.87,10.88,10.88,50608800.0,2018-04-30T00:00:00,AMD
10.83,11.15,10.77,11.13,11.13,43441600.0,2018-05-01T00:00:00,AMD
11.1,11.16,10.97,10.97,10.97,29267300.0,2018-05-02T00:00:00,AMD
10.9,11.06,10.83,10.93,10.93,33310600.0,2018-05-03T00:00:00,AMD
10.88,11.29,10.87,11.28,11.28,47884900.0,2018-05-04T00:00:00,AMD
11.32,11.68,11.3,11.59,11.59,54001700.0,2018-05-07T00:00:00,AMD
11.49,11.66,11.4,11.61,11.61,35218400.0,2018-05-08T00:00:00,AMD
11.65,11.98,11.57,11.95,11.95,49605700.0,2018-05-09T00:00:00,AMD
11.98,12.18,11.95,12.13,12.13,49744500.0,2018-05-10T00:00:00,AMD
11.89,12.03,11.69,11.95,11.95,43863700.0,2018-05-11T00:00:00,AMD
12.14,12.36,12.11,12.23,12.23,50263800.0,2018-05-14T00:00:00,AMD
12.18,12.46,12.16,12.45,12.45,44183200.0,2018-05-15T00:00:00,AMD
12.64,12.98,12.62,12.82,12.82,73364000.0,2018-05-16T00:00:00,AMD
12.79,12.9,12.66,12.82,12.82,38692500.0,2018-05-17T00:00:00,AMD
13.06,13.26,12.91,13.0,13.0,54063400.0,2018-05-18T00:00:00,AMD
13.25,13.31,12.88,12.99,12.99,49714200.0,2018-05-21T00:00:00,AMD
13.0,13.14,12.71,12.98,12.98,43267000.0,2018-05-22T00:00:00,AMD
12.93,13.18,12.9,13.1,13.1,44517800.0,2018-05-23T00:00:00,AMD
13.06,13.43,13.03,13.41,13.41,47785700.0,2018-05-24T00:00:00,AMD
13.4,13.72,13.36,13.54,13.54,43850100.0,2018-05-25T00:00:00,AMD
13.45,13.63,13.26,13.36,13.36,39578500.0,2018-05-29T00:00:00,AMD
13.48,13.95,13.48,13.82,13.82,58186400.0,2018-05-30T00:00:00,AMD
13.74,13.93,13.69,13.73,13.73,46797700.0,2018-05-31T00:00:00,AMD
13.98,14.4,13.92,14.4,14.4,71677900.0,2018-06-01T00:00:00,AMD
14.76,14.98,14.52,14.85,14.85,74546000.0,2018-06-04T00:00:00,AMD
14.85,14.92,14.63,14.85,14.85,56122700.0,2018-06-05T00:00:00,AMD
15.07,15.74,15.04,15.67,15.67,97089000.0,2018-06-06T00:00:00,AMD
15.83,15.97,14.85,14.89,14.89,99860300.0,2018-06-07T00:00:00,AMD
14.52,15.33,14.31,15.25,15.25,81930500.0,2018-06-08T00:00:00,AMD
15.21,15.89,15.01,15.73,15.73,80737600.0,2018-06-11T00:00:00,AMD
15.84,15.95,15.43,15.85,15.85,67002600.0,2018-06-12T00:00:00,AMD
15.81,16.52,15.78,16.32,16.32,90227300.0,2018-06-13T00:00:00,AMD
16.620001,16.790001,15.58,16.25,16.25,113048600.0,2018-06-14T00:00:00,AMD
16.059999,16.52,15.82,16.34,16.34,77612200.0,2018-06-15T00:00:00,AMD
16.18,17.34,16.129999,17.110001,17.110001,104317400.0,2018-06-18T00:00:00,AMD
16.85,17.290001,16.309999,16.690001,16.690001,92542900.0,2018-06-19T00:00:00,AMD
16.83,17.129999,16.370001,16.52,16.52,76280600.0,2018-06-20T00:00:00,AMD
16.65,16.870001,15.46,15.65,15.65,95638400.0,2018-06-21T00:00:00,AMD
15.78,15.91,15.56,15.8,15.8,59257100.0,2018-06-22T00:00:00,AMD
15.64,15.74,14.54,15.11,15.11,94418400.0,2018-06-25T00:00:00,AMD
15.32,15.6,15.1,15.5,15.5,54213500.0,2018-06-26T00:00:00,AMD
15.65,15.76,14.96,14.97,14.97,56014300.0,2018-06-27T00:00:00,AMD
14.85,15.36,14.75,15.31,15.31,48716800.0,2018-06-28T00:00:00,AMD
15.41,15.49,14.98,14.99,14.99,41527800.0,2018-06-29T00:00:00,AMD
14.8,15.18,14.74,15.16,15.16,43398800.0,2018-07-02T00:00:00,AMD
15.21,15.34,14.96,15.0,15.0,32094000.0,2018-07-03T00:00:00,AMD
15.13,15.5,15.02,15.5,15.5,40703300.0,2018-07-05T00:00:00,AMD
15.52,16.389999,15.48,16.360001,16.360001,65101700.0,2018-07-06T00:00:00,AMD
16.73,16.84,16.17,16.610001,16.610001,58525500.0,2018-07-09T00:00:00,AMD
16.59,16.65,16.309999,16.549999,16.549999,37093000.0,2018-07-10T00:00:00,AMD
16.15,16.530001,16.02,16.27,16.27,42544100.0,2018-07-11T00:00:00,AMD
16.41,16.790001,16.379999,16.559999,16.559999,44188100.0,2018-07-12T00:00:00,AMD
16.68,16.690001,16.219999,16.27,16.27,40614100.0,2018-07-13T00:00:00,AMD
16.42,17.0,16.41,16.58,16.58,65275300.0,2018-07-16T00:00:00,AMD
16.5,16.879999,16.48,16.870001,16.870001,42313500.0,2018-07-17T00:00:00,AMD
16.940001,16.99,16.549999,16.85,16.85,40881500.0,2018-07-18T00:00:00,AMD
16.709999,16.879999,16.549999,16.709999,16.709999,41267800.0,2018-07-19T00:00:00,AMD
16.66,16.879999,16.440001,16.5,16.5,42879800.0,2018-07-20T00:00:00,AMD
16.469999,16.68,15.9,16.66,16.66,44940800.0,2018-07-23T00:00:00,AMD
16.75,16.860001,16.110001,16.190001,16.190001,58201500.0,2018-07-24T00:00:00,AMD
16.299999,16.389999,15.72,16.049999,16.049999,82604900.0,2018-07-25T00:00:00,AMD
17.16,18.450001,16.83,18.35,18.35,192661100.0,2018-07-26T00:00:00,AMD
19.07,19.879999,18.309999,18.940001,18.940001,161903800.0,2018-07-27T00:00:00,AMD
19.4,20.18,19.309999,19.42,19.42,160823400.0,2018-07-30T00:00:00,AMD
19.35,19.5,18.27,18.33,18.33,118403400.0,2018-07-31T00:00:00,AMD
18.34,18.950001,18.32,18.48,18.48,75495200.0,2018-08-01T00:00:00,AMD
18.17,18.83,18.0,18.790001,18.790001,52867100.0,2018-08-02T00:00:00,AMD
18.940001,19.059999,18.370001,18.49,18.49,53232100.0,2018-08-03T00:00:00,AMD
18.889999,19.440001,18.459999,19.43,19.43,83579700.0,2018-08-06T00:00:00,AMD
19.530001,19.709999,19.08,19.559999,19.559999,72822600.0,2018-08-07T00:00:00,AMD
19.459999,19.77,19.26,19.58,19.58,52081400.0,2018-08-08T00:00:00,AMD
19.58,19.709999,19.08,19.1,19.1,46653400.0,2018-08-09T00:00:00,AMD
19.09,19.48,18.85,19.059999,19.059999,65821100.0,2018-08-10T00:00:00,AMD
19.16,19.93,19.120001,19.73,19.73,81411300.0,2018-08-13T00:00:00,AMD
19.969999,20.280001,19.629999,20.02,20.02,89195500.0,2018-08-14T00:00:00,AMD
19.860001,20.1,19.200001,19.700001,19.700001,86355700.0,2018-08-15T00:00:00,AMD
19.860001,20.07,19.25,19.33,19.33,69733700.0,2018-08-16T00:00:00,AMD
19.120001,19.82,18.73,19.77,19.77,60616600.0,2018-08-17T00:00:00,AMD
19.790001,20.08,19.35,19.98,19.98,62983200.0,2018-08-20T00:00:00,AMD
19.98,20.42,19.860001,20.4,20.4,55629000.0,2018-08-21T00:00:00,AMD
20.280001,20.92,20.209999,20.9,20.9,62002700.0,2018-08-22T00:00:00,AMD
21.190001,22.32,21.139999,22.290001,22.290001,113444100.0,2018-08-23T00:00:00,AMD
22.91,24.0,22.67,23.98,23.98,164328200.0,2018-08-24T00:00:00,AMD
24.940001,27.299999,24.629999,25.26,25.26,325058400.0,2018-08-27T00:00:00,AMD
25.51,26.18,24.040001,25.049999,25.049999,215771200.0,2018-08-28T00:00:00,AMD
24.360001,25.41,24.01,25.200001,25.200001,143223200.0,2018-08-29T00:00:00,AMD
25.290001,25.67,24.76,24.889999,24.889999,103607300.0,2018-08-30T00:00:00,AMD
24.889999,25.24,24.719999,25.17,25.17,65206400.0,2018-08-31T00:00:00,AMD
25.620001,28.110001,25.57,28.059999,28.059999,192541300.0,2018-09-04T00:00:00,AMD
29.41,29.940001,26.84,28.51,28.51,257349000.0,2018-09-05T00:00:00,AMD
28.120001,28.58,27.190001,27.84,27.84,143942900.0,2018-09-06T00:00:00,AMD
26.959999,28.27,26.799999,27.379999,27.379999,123348700.0,2018-09-07T00:00:00,AMD
28.15,29.93,27.84,29.889999,29.889999,162253800.0,2018-09-10T00:00:00,AMD
30.02,30.59,29.370001,30.1,30.1,159902500.0,2018-09-11T00:00:00,AMD
29.91,32.290001,29.450001,32.209999,32.209999,197889600.0,2018-09-12T00:00:00,AMD
33.16,34.139999,29.870001,30.48,30.48,304147100.0,2018-09-13T00:00:00,AMD
31.43,33.09,30.540001,32.720001,32.720001,217762800.0,2018-09-14T00:00:00,AMD
31.75,33.23,31.6,32.43,32.43,180410600.0,2018-09-17T00:00:00,AMD
32.990002,33.369999,31.200001,31.93,31.93,176673200.0,2018-09-18T00:00:00,AMD
31.52,31.83,30.51,31.209999,31.209999,124287000.0,2018-09-19T00:00:00,AMD
32.099998,32.200001,30.639999,31.18,31.18,123116500.0,2018-09-20T00:00:00,AMD
31.190001,32.419998,30.91,31.02,31.02,129792900.0,2018-09-21T00:00:00,AMD
31.129999,32.650002,30.91,32.610001,32.610001,118332600.0,2018-09-24T00:00:00,AMD
33.18,33.599998,32.189999,32.57,32.57,118570200.0,2018-09-25T00:00:00,AMD
32.400002,32.599998,31.719999,32.189999,32.189999,79347300.0,2018-09-26T00:00:00,AMD
31.860001,32.630001,31.389999,32.59,32.59,87934400.0,2018-09-27T00:00:00,AMD
32.240002,32.779999,29.98,30.889999,30.889999,165453500.0,2018-09-28T00:00:00,AMD
30.690001,31.91,30.25,31.42,31.42,94742900.0,2018-10-01T00:00:00,AMD
30.73,30.82,28.65,29.02,29.02,145276500.0,2018-10-02T00:00:00,AMD
29.040001,29.219999,26.540001,28.43,28.43,190137200.0,2018-10-03T00:00:00,AMD
27.99,28.83,27.370001,27.780001,27.780001,95831200.0,2018-10-04T00:00:00,AMD
28.07,28.469999,26.93,27.35,27.35,88008500.0,2018-10-05T00:00:00,AMD
26.73,27.540001,25.959999,26.459999,26.459999,103789500.0,2018-10-08T00:00:00,AMD
26.15,27.709999,26.0,27.24,27.24,105461800.0,2018-10-09T00:00:00,AMD
27.379999,27.4,24.91,25.0,25.0,147682900.0,2018-10-10T00:00:00,AMD
24.74,26.200001,24.549999,25.299999,25.299999,147013800.0,2018-10-11T00:00:00,AMD
26.77,26.969999,25.67,26.34,26.34,111059400.0,2018-10-12T00:00:00,AMD
26.379999,26.77,25.75,26.26,26.26,70523500.0,2018-10-15T00:00:00,AMD
26.629999,28.23,26.17,28.18,28.18,92529000.0,2018-10-16T00:00:00,AMD
28.41,28.530001,26.92,27.299999,27.299999,89466900.0,2018-10-17T00:00:00,AMD
27.08,27.75,26.4,26.620001,26.620001,79623700.0,2018-10-18T00:00:00,AMD
27.030001,27.1,23.6,23.66,23.66,130799900.0,2018-10-19T00:00:00,AMD
24.459999,25.639999,24.09,25.030001,25.030001,114158900.0,2018-10-22T00:00:00,AMD
24.18,25.26,23.85,25.09,25.09,101763000.0,2018-10-23T00:00:00,AMD
25.040001,25.1,22.75,22.790001,22.790001,134489100.0,2018-10-24T00:00:00,AMD
17.92,20.15,17.719999,19.27,19.27,189173700.0,2018-10-25T00:00:00,AMD
18.49,18.780001,17.049999,17.629999,17.629999,119689000.0,2018-10-26T00:00:00,AMD
18.209999,18.23,16.27,16.85,16.85,94479600.0,2018-10-29T00:00:00,AMD
16.379999,17.24,16.17,17.200001,17.200001,99049400.0,2018-10-30T00:00:00,AMD
17.870001,18.34,17.120001,18.209999,18.209999,110463700.0,2018-10-31T00:00:00,AMD
18.41,20.33,18.08,20.219999,20.219999,136896500.0,2018-11-01T00:00:00,AMD
20.59,21.059999,19.469999,20.23,20.23,123788000.0,2018-11-02T00:00:00,AMD
20.120001,20.18,18.879999,19.9,19.9,108016700.0,2018-11-05T00:00:00,AMD
19.5,21.65,19.48,20.68,20.68,144995700.0,2018-11-06T00:00:00,AMD
21.42,22.219999,21.07,21.84,21.84,121115800.0,2018-11-07T00:00:00,AMD
21.77,22.08,20.969999,21.200001,21.200001,92387600.0,2018-11-08T00:00:00,AMD
20.77,21.190001,20.110001,21.030001,21.030001,85900700.0,2018-11-09T00:00:00,AMD
20.68,20.85,18.799999,19.030001,19.030001,95948200.0,2018-11-12T00:00:00,AMD
19.280001,20.02,18.969999,19.610001,19.610001,76126000.0,2018-11-13T00:00:00,AMD
20.18,21.110001,19.76,20.809999,20.809999,106344300.0,2018-11-14T00:00:00,AMD
20.719999,21.77,20.42,21.49,21.49,97715500.0,2018-11-15T00:00:00,AMD
19.870001,20.969999,19.719999,20.66,20.66,112376600.0,2018-11-16T00:00:00,AMD
20.4,20.59,19.09,19.110001,19.110001,93578200.0,2018-11-19T00:00:00,AMD
17.4,19.58,17.18,19.209999,19.209999,109869400.0,2018-11-20T00:00:00,AMD
20.049999,20.309999,18.5,18.73,18.73,81585600.0,2018-11-21T00:00:00,AMD
18.610001,19.83,18.559999,19.379999,19.379999,54611300.0,2018-11-23T00:00:00,AMD
19.959999,20.190001,19.110001,20.08,20.08,83211000.0,2018-11-26T00:00:00,AMD
19.77,21.450001,19.73,21.049999,21.049999,119230100.0,2018-11-27T00:00:00,AMD
21.82,21.879999,20.18,21.34,21.34,134425300.0,2018-11-28T00:00:00,AMD
21.190001,21.610001,20.73,21.43,21.43,79853700.0,2018-11-29T00:00:00,AMD
21.299999,21.360001,20.52,21.299999,21.299999,82370700.0,2018-11-30T00:00:00,AMD
22.48,23.75,22.370001,23.709999,23.709999,139607400.0,2018-12-03T00:00:00,AMD
23.35,23.42,21.07,21.120001,21.120001,127392900.0,2018-12-04T00:00:00,AMD
20.219999,21.41,20.059999,21.299999,21.299999,103434700.0,2018-12-06T00:00:00,AMD
21.299999,21.379999,19.17,19.459999,19.459999,105764500.0,2018-12-07T00:00:00,AMD
19.35,20.129999,19.27,19.99,19.99,77984500.0,2018-12-10T00:00:00,AMD
20.709999,21.139999,19.690001,19.98,19.98,88027400.0,2018-12-11T00:00:00,AMD
20.32,21.02,19.709999,20.48,20.48,100340700.0,2018-12-12T00:00:00,AMD
20.629999,20.870001,19.76,19.860001,19.860001,88108300.0,2018-12-13T00:00:00,AMD
19.58,20.700001,19.52,19.9,19.9,84713600.0,2018-12-14T00:00:00,AMD
20.01,20.02,18.639999,18.83,18.83,115437900.0,2018-12-17T00:00:00,AMD
19.15,19.84,18.879999,19.5,19.5,101512900.0,2018-12-18T00:00:00,AMD
19.440001,19.719999,18.0,18.16,18.16,120644500.0,2018-12-19T00:00:00,AMD
18.110001,18.860001,17.34,17.940001,17.940001,119394500.0,2018-12-20T00:00:00,AMD
18.120001,18.34,16.76,16.93,16.93,132246000.0,2018-12-21T00:00:00,AMD
16.52,17.219999,16.370001,16.65,16.65,62933100.0,2018-12-24T00:00:00,AMD
16.879999,17.91,16.030001,17.9,17.9,108811800.0,2018-12-26T00:00:00,AMD
17.43,17.74,16.440001,17.49,17.49,111373000.0,2018-12-27T00:00:00,AMD
17.530001,18.309999,17.139999,17.82,17.82,109214400.0,2018-12-28T00:00:00,AMD
18.15,18.51,17.85,18.459999,18.459999,84732200.0,2018-12-31T00:00:00,AMD
18.01,19.0,17.98,18.83,18.83,87148700.0,2019-01-02T00:00:00,AMD
18.42,18.68,16.940001,17.049999,17.049999,117277600.0,2019-01-03T00:00:00,AMD
17.549999,19.07,17.43,19.0,19.0,111878600.0,2019-01-04T00:00:00,AMD
19.440001,20.68,19.0,20.57,20.57,107157000.0,2019-01-07T00:00:00,AMD
21.190001,21.200001,19.68,20.75,20.75,121271000.0,2019-01-08T00:00:00,AMD
20.889999,21.440001,20.07,20.190001,20.190001,163944100.0,2019-01-09T00:00:00,AMD
19.76,19.83,18.9,19.74,19.74,115629400.0,2019-01-10T00:00:00,AMD
19.469999,20.35,19.190001,20.27,20.27,85110800.0,2019-01-11T00:00:00,AMD
19.959999,20.620001,19.75,20.23,20.23,71350200.0,2019-01-14T00:00:00,AMD
20.440001,20.68,20.26,20.379999,20.379999,62785800.0,2019-01-15T00:00:00,AMD
20.4,20.540001,19.709999,19.73,19.73,70849300.0,2019-01-16T00:00:00,AMD
19.49,20.51,19.02,20.25,20.25,85018400.0,2019-01-17T00:00:00,AMD
20.370001,21.049999,20.02,20.77,20.77,88131000.0,2019-01-18T00:00:00,AMD
20.48,20.92,19.700001,19.76,19.76,78513700.0,2019-01-22T00:00:00,AMD
20.030001,20.48,19.549999,19.799999,19.799999,77811300.0,2019-01-23T00:00:00,AMD
20.059999,21.01,20.040001,20.85,20.85,97433400.0,2019-01-24T00:00:00,AMD
20.99,22.030001,20.790001,21.93,21.93,110239500.0,2019-01-25T00:00:00,AMD
20.32,21.01,20.02,20.18,20.18,135164100.0,2019-01-28T00:00:00,AMD
20.26,20.389999,19.049999,19.25,19.25,131202500.0,2019-01-29T00:00:00,AMD
21.49,23.129999,21.370001,23.09,23.09,211421200.0,2019-01-30T00:00:00,AMD
23.02,25.139999,22.83,24.41,24.41,182575600.0,2019-01-31T00:00:00,AMD
24.610001,24.84,24.07,24.51,24.51,105356200.0,2019-02-01T00:00:00,AMD
24.43,24.66,24.07,24.129999,24.129999,70843800.0,2019-02-04T00:00:00,AMD
23.42,23.860001,22.98,23.309999,23.309999,122226000.0,2019-02-05T00:00:00,AMD
23.629999,24.139999,23.219999,23.26,23.26,78684300.0,2019-02-06T00:00:00,AMD
22.99,23.219999,22.32,22.67,22.67,86723900.0,2019-02-07T00:00:00,AMD
22.33,23.280001,22.27,23.049999,23.049999,78129300.0,2019-02-08T00:00:00,AMD
23.049999,23.280001,22.66,22.959999,22.959999,60578700.0,2019-02-11T00:00:00,AMD
23.43,23.559999,22.75,22.82,22.82,67595400.0,2019-02-12T00:00:00,AMD
22.98,23.24,22.709999,22.85,22.85,57544200.0,2019-02-13T00:00:00,AMD
22.74,23.370001,22.59,23.129999,23.129999,64441200.0,2019-02-14T00:00:00,AMD
23.58,24.049999,23.200001,23.68,23.68,78644100.0,2019-02-15T00:00:00,AMD
23.629999,24.41,23.610001,23.950001,23.950001,57517900.0,2019-02-19T00:00:00,AMD
24.139999,24.370001,23.9,23.950001,23.950001,57091600.0,2019-02-20T00:00:00,AMD
24.040001,24.33,23.85,23.92,23.92,49608200.0,2019-02-21T00:00:00,AMD
24.049999,24.360001,23.879999,24.360001,24.360001,52650700.0,2019-02-22T00:00:00,AMD
25.01,25.52,24.68,24.709999,24.709999,63221000.0,2019-02-25T00:00:00,AMD
24.65,24.719999,24.15,24.209999,24.209999,48470100.0,2019-02-26T00:00:00,AMD
24.110001,24.23,23.209999,23.48,23.48,62649300.0,2019-02-27T00:00:00,AMD
23.209999,23.67,23.110001,23.530001,23.530001,39384900.0,2019-02-28T00:00:00,AMD
23.969999,24.190001,23.450001,23.68,23.68,48084000.0,2019-03-01T00:00:00,AMD
23.889999,24.129999,23.01,23.370001,23.370001,48147700.0,2019-03-04T00:00:00,AMD
23.34,23.68,23.01,23.5,23.5,35462600.0,2019-03-05T00:00:00,AMD
23.469999,23.530001,22.4,22.41,22.41,60479400.0,2019-03-06T00:00:00,AMD
22.33,22.41,21.73,22.08,22.08,52186300.0,2019-03-07T00:00:00,AMD
21.35,22.09,21.040001,22.01,22.01,49967700.0,2019-03-08T00:00:00,AMD
22.15,23.08,21.98,22.959999,22.959999,54420200.0,2019-03-11T00:00:00,AMD
23.1,23.799999,22.780001,23.49,23.49,56410600.0,2019-03-12T00:00:00,AMD
23.66,24.15,23.35,23.379999,23.379999,56705800.0,2019-03-13T00:00:00,AMD
23.370001,23.49,22.799999,22.82,22.82,42818600.0,2019-03-14T00:00:00,AMD
23.1,23.65,23.01,23.290001,23.290001,46519900.0,2019-03-15T00:00:00,AMD
23.299999,23.620001,23.040001,23.25,23.25,34731800.0,2019-03-18T00:00:00,AMD
23.6,26.08,23.59,26.0,26.0,156052200.0,2019-03-19T00:00:00,AMD
26.49,26.879999,25.309999,25.700001,25.700001,151292100.0,2019-03-20T00:00:00,AMD
25.780001,28.110001,25.709999,27.889999,27.889999,129610300.0,2019-03-21T00:00:00,AMD
27.540001,27.75,26.33,26.370001,26.370001,115323300.0,2019-03-22T00:00:00,AMD
26.290001,26.99,25.540001,25.969999,25.969999,78438200.0,2019-03-25T00:00:00,AMD
26.690001,26.98,25.459999,25.690001,25.690001,75754100.0,2019-03-26T00:00:00,AMD
25.700001,25.879999,24.549999,24.889999,24.889999,88585300.0,2019-03-27T00:00:00,AMD
25.1,25.559999,24.65,25.059999,25.059999,64667500.0,2019-03-28T00:00:00,AMD
25.58,25.73,25.25,25.52,25.52,53502800.0,2019-03-29T00:00:00,AMD
26.42,26.559999,25.83,26.360001,26.360001,63000300.0,2019-04-01T00:00:00,AMD
26.51,26.799999,26.09,26.75,26.75,53358800.0,2019-04-02T00:00:00,AMD
28.02,29.950001,27.879999,29.02,29.02,197650500.0,2019-04-03T00:00:00,AMD
28.879999,29.389999,28.610001,29.09,29.09,82191100.0,2019-04-04T00:00:00,AMD
29.639999,29.690001,28.799999,28.98,28.98,65662700.0,2019-04-05T00:00:00,AMD
28.690001,28.950001,28.18,28.530001,28.530001,58002500.0,2019-04-08T00:00:00,AMD
28.24,28.379999,27.190001,27.24,27.24,75539800.0,2019-04-09T00:00:00,AMD
27.459999,28.120001,27.32,27.83,27.83,64368100.0,2019-04-10T00:00:00,AMD
27.809999,28.049999,27.459999,27.790001,27.790001,44801200.0,2019-04-11T00:00:00,AMD
28.209999,28.379999,27.66,27.85,27.85,41048800.0,2019-04-12T00:00:00,AMD
27.799999,27.84,26.959999,27.33,27.33,40812500.0,2019-04-15T00:00:00,AMD
27.719999,28.18,27.49,27.93,27.93,47340100.0,2019-04-16T00:00:00,AMD
28.209999,28.27,27.219999,27.49,27.49,48240800.0,2019-04-17T00:00:00,AMD
27.6,27.879999,27.34,27.68,27.68,39880900.0,2019-04-18T00:00:00,AMD
27.620001,28.23,27.389999,28.18,28.18,36477300.0,2019-04-22T00:00:00,AMD
28.18,28.49,27.790001,27.969999,27.969999,41777500.0,2019-04-23T00:00:00,AMD
28.1,28.85,27.93,28.459999,28.459999,51784700.0,2019-04-24T00:00:00,AMD
28.67,28.860001,27.360001,27.66,27.66,57329700.0,2019-04-25T00:00:00,AMD
27.66,27.9,27.049999,27.879999,27.879999,48827900.0,2019-04-26T00:00:00,AMD
27.9,28.139999,27.5,27.690001,27.690001,44532700.0,2019-04-29T00:00:00,AMD
27.59,27.799999,26.940001,27.629999,27.629999,73165900.0,2019-04-30T00:00:00,AMD
28.950001,29.15,26.780001,26.809999,26.809999,136066900.0,2019-05-01T00:00:00,AMD
26.940001,28.639999,26.610001,28.290001,28.290001,100514800.0,2019-05-02T00:00:00,AMD
28.299999,28.42,27.66,28.219999,28.219999,55503100.0,2019-05-03T00:00:00,AMD
26.719999,27.5,26.450001,27.42,27.42,70344100.0,2019-05-06T00:00:00,AMD
27.200001,27.35,26.209999,26.66,26.66,75868800.0,2019-05-07T00:00:00,AMD
26.41,27.709999,26.27,27.09,27.09,65967500.0,2019-05-08T00:00:00,AMD
26.700001,27.379999,26.030001,27.209999,27.209999,73150900.0,2019-05-09T00:00:00,AMD
27.030001,28.1,26.93,27.959999,27.959999,82930100.0,2019-05-10T00:00:00,AMD
26.98,27.23,26.1,26.24,26.24,99017900.0,2019-05-13T00:00:00,AMD
26.530001,27.48,26.15,27.32,27.32,82980400.0,2019-05-14T00:00:00,AMD
26.870001,27.790001,26.73,27.58,27.58,55689900.0,2019-05-15T00:00:00,AMD
27.370001,28.370001,27.27,28.01,28.01,67330100.0,2019-05-16T00:00:00,AMD
27.690001,28.459999,27.4,27.5,27.5,65385400.0,2019-05-17T00:00:00,AMD
26.98,27.24,26.49,26.68,26.68,69757400.0,2019-05-20T00:00:00,AMD
27.18,27.370001,26.93,27.35,27.35,46079200.0,2019-05-21T00:00:00,AMD
27.120001,27.59,27.07,27.41,27.41,40035300.0,2019-05-22T00:00:00,AMD
26.99,27.1,26.030001,26.360001,26.360001,67809200.0,2019-05-23T00:00:00,AMD
26.610001,26.93,26.4,26.440001,26.440001,39835800.0,2019-05-24T00:00:00,AMD
27.27,29.67,27.059999,29.049999,29.049999,146949600.0,2019-05-28T00:00:00,AMD
29.0,29.32,27.73,28.09,28.09,99969600.0,2019-05-29T00:00:00,AMD
28.4,28.559999,27.6,28.030001,28.030001,65289100.0,2019-05-30T00:00:00,AMD
27.57,28.360001,27.4,27.41,27.41,68667800.0,2019-05-31T00:00:00,AMD
28.75,29.620001,27.290001,27.58,27.58,147532200.0,2019-06-03T00:00:00,AMD
28.389999,29.59,27.91,29.57,29.57,107549500.0,2019-06-04T00:00:00,AMD
29.93,29.99,29.030001,29.5,29.5,79481500.0,2019-06-05T00:00:00,AMD
29.870001,31.98,29.84,31.82,31.82,131267800.0,2019-06-06T00:00:00,AMD
31.940001,32.599998,31.57,32.41,32.41,86841100.0,2019-06-07T00:00:00,AMD
33.529999,34.299999,33.080002,33.23,33.23,97668800.0,2019-06-10T00:00:00,AMD
33.43,33.490002,31.82,32.41,32.41,82834900.0,2019-06-11T00:00:00,AMD
32.0,32.57,31.92,32.18,32.18,56298700.0,2019-06-12T00:00:00,AMD
32.389999,32.5,31.059999,31.389999,31.389999,63556000.0,2019-06-13T00:00:00,AMD
30.700001,30.959999,30.02,30.360001,30.360001,70373000.0,2019-06-14T00:00:00,AMD
30.25,30.450001,29.18,29.200001,29.200001,70865700.0,2019-06-17T00:00:00,AMD
29.76,30.969999,29.58,30.450001,30.450001,86444500.0,2019-06-18T00:00:00,AMD
30.67,30.790001,30.059999,30.5,30.5,63233900.0,2019-06-19T00:00:00,AMD
31.24,31.360001,29.84,30.01,30.01,72418200.0,2019-06-20T00:00:00,AMD
29.65,30.35,28.969999,29.1,29.1,81861300.0,2019-06-21T00:00:00,AMD
29.32,29.4,28.67,29.26,29.26,55724800.0,2019-06-24T00:00:00,AMD
29.26,29.719999,28.799999,28.860001,28.860001,53680900.0,2019-06-25T00:00:00,AMD
29.98,30.48,29.780001,29.92,29.92,65064200.0,2019-06-26T00:00:00,AMD
30.41,30.959999,30.209999,30.74,30.74,55623300.0,2019-06-27T00:00:00,AMD
31.08,31.110001,30.33,30.370001,30.370001,50090900.0,2019-06-28T00:00:00,AMD
31.790001,32.040001,30.870001,31.200001,31.200001,60275900.0,2019-07-01T00:00:00,AMD
30.959999,31.26,30.73,31.24,31.24,37721700.0,2019-07-02T00:00:00,AMD
31.129999,31.33,30.74,31.190001,31.190001,23462000.0,2019-07-03T00:00:00,AMD
30.879999,31.559999,30.75,31.5,31.5,34011900.0,2019-07-05T00:00:00,AMD
31.799999,32.150002,31.26,32.040001,32.040001,49689400.0,2019-07-08T00:00:00,AMD
31.76,33.18,30.1,33.150002,33.150002,61419800.0,2019-07-09T00:00:00,AMD
33.560001,34.029999,33.360001,33.790001,33.790001,60388400.0,2019-07-10T00:00:00,AMD
33.91,34.0,32.759998,33.060001,33.060001,63081800.0,2019-07-11T00:00:00,AMD
32.759998,33.389999,32.59,33.209999,33.209999,51509700.0,2019-07-12T00:00:00,AMD
33.34,34.549999,33.27,34.389999,34.389999,65565200.0,2019-07-15T00:00:00,AMD
34.299999,34.860001,33.799999,33.849998,33.849998,66912700.0,2019-07-16T00:00:00,AMD
34.009998,34.299999,33.490002,33.599998,33.599998,42557900.0,2019-07-17T00:00:00,AMD
33.029999,33.459999,32.419998,33.0,33.0,58473900.0,2019-07-18T00:00:00,AMD
33.080002,33.349998,32.450001,32.509998,32.509998,44617700.0,2019-07-19T00:00:00,AMD
32.799999,33.310001,32.740002,32.849998,32.849998,37777300.0,2019-07-22T00:00:00,AMD
33.169998,33.5,32.93,33.490002,33.490002,38532500.0,2019-07-23T00:00:00,AMD
33.639999,34.360001,33.450001,34.110001,34.110001,41952300.0,2019-07-24T00:00:00,AMD
34.049999,34.25,33.619999,33.669998,33.669998,36705600.0,2019-07-25T00:00:00,AMD
34.23,34.77,33.869999,34.02,34.02,43502800.0,2019-07-26T00:00:00,AMD
34.139999,34.18,32.98,33.48,33.48,45922000.0,2019-07-29T00:00:00,AMD
33.209999,33.939999,32.939999,33.869999,33.869999,72198900.0,2019-07-30T00:00:00,AMD
32.080002,32.299999,30.299999,30.450001,30.450001,119190000.0,2019-07-31T00:00:00,AMD
30.5,31.48,29.1,29.860001,29.860001,80878900.0,2019-08-01T00:00:00,AMD
29.48,29.73,28.940001,29.440001,29.440001,60410900.0,2019-08-02T00:00:00,AMD
28.26,28.49,27.65,27.99,27.99,74333200.0,2019-08-05T00:00:00,AMD
28.860001,29.049999,28.200001,28.860001,28.860001,60578400.0,2019-08-06T00:00:00,AMD
28.469999,29.280001,28.370001,29.190001,29.190001,58577500.0,2019-08-07T00:00:00,AMD
31.530001,34.27,31.48,33.919998,33.919998,167278800.0,2019-08-08T00:00:00,AMD
33.450001,35.549999,33.080002,34.189999,34.189999,132483900.0,2019-08-09T00:00:00,AMD
34.16,34.650002,32.080002,32.43,32.43,106936000.0,2019-08-12T00:00:00,AMD
32.360001,33.139999,31.719999,32.110001,32.110001,102009700.0,2019-08-13T00:00:00,AMD
31.0,31.049999,29.51,30.24,30.24,127521500.0,2019-08-14T00:00:00,AMD
30.629999,30.73,29.209999,29.67,29.67,71674400.0,2019-08-15T00:00:00,AMD
30.309999,31.48,30.209999,31.18,31.18,70469800.0,2019-08-16T00:00:00,AMD
32.0,32.189999,31.42,31.48,31.48,67596900.0,2019-08-19T00:00:00,AMD
30.940001,31.309999,30.450001,30.719999,30.719999,47924000.0,2019-08-20T00:00:00,AMD
31.049999,31.74,30.84,31.700001,31.700001,41441500.0,2019-08-21T00:00:00,AMD
31.76,31.92,30.98,31.9,31.9,47667900.0,2019-08-22T00:00:00,AMD
31.299999,31.83,29.4,29.540001,29.540001,83681100.0,2019-08-23T00:00:00,AMD
30.34,30.719999,29.940001,30.280001,30.280001,50612500.0,2019-08-26T00:00:00,AMD
30.6,30.889999,29.6,30.200001,30.200001,53229200.0,2019-08-27T00:00:00,AMD
29.92,31.18,29.700001,30.780001,30.780001,55835900.0,2019-08-28T00:00:00,AMD
31.469999,31.83,31.33,31.450001,31.450001,44422800.0,2019-08-29T00:00:00,AMD
31.6,31.870001,31.129999,31.450001,31.450001,40307000.0,2019-08-30T00:00:00,AMD
30.83,31.139999,30.68,30.9,30.9,38029300.0,2019-09-03T00:00:00,AMD
31.32,31.83,30.85,30.950001,30.950001,46614600.0,2019-09-04T00:00:00,AMD
31.790001,32.049999,31.120001,31.5,31.5,57861200.0,2019-09-05T00:00:00,AMD
31.5,31.51,30.48,30.559999,30.559999,51673000.0,2019-09-06T00:00:00,AMD
30.93,31.18,30.24,30.5,30.5,54413200.0,2019-09-09T00:00:00,AMD
30.219999,30.379999,29.77,30.23,30.23,48604800.0,2019-09-10T00:00:00,AMD
30.379999,30.43,29.51,29.76,29.76,50631700.0,2019-09-11T00:00:00,AMD
30.08,30.84,29.950001,30.209999,30.209999,53618300.0,2019-09-12T00:00:00,AMD
30.27,30.85,29.950001,30.690001,30.690001,47758800.0,2019-09-13T00:00:00,AMD
30.370001,31.15,30.26,30.83,30.83,52248500.0,2019-09-16T00:00:00,AMD
31.07,31.32,30.74,30.99,30.99,35011700.0,2019-09-17T00:00:00,AMD
30.75,30.889999,29.879999,30.42,30.42,47027500.0,2019-09-18T00:00:00,AMD
30.57,30.959999,30.139999,30.290001,30.290001,41603000.0,2019-09-19T00:00:00,AMD
30.360001,30.469999,29.65,30.049999,30.049999,79957400.0,2019-09-20T00:00:00,AMD
30.120001,30.799999,30.07,30.639999,30.639999,44366800.0,2019-09-23T00:00:00,AMD
30.540001,30.75,29.290001,29.52,29.52,72963000.0,2019-09-24T00:00:00,AMD
29.48,29.65,28.549999,29.540001,29.540001,58234800.0,2019-09-25T00:00:00,AMD
29.67,29.77,29.0,29.469999,29.469999,40745400.0,2019-09-26T00:00:00,AMD
29.17,29.77,28.35,28.719999,28.719999,54091100.0,2019-09-27T00:00:00,AMD
28.889999,29.049999,28.360001,28.99,28.99,37295600.0,2019-09-30T00:00:00,AMD
29.049999,29.540001,28.639999,28.76,28.76,37081800.0,2019-10-01T00:00:00,AMD
28.5,28.85,28.030001,28.309999,28.309999,43640700.0,2019-10-02T00:00:00,AMD
28.280001,28.780001,27.43,28.68,28.68,56325200.0,2019-10-03T00:00:00,AMD
28.83,29.059999,28.280001,29.01,29.01,34446700.0,2019-10-04T00:00:00,AMD
28.9,29.629999,28.84,28.93,28.93,39337200.0,2019-10-07T00:00:00,AMD
28.549999,28.639999,27.92,28.23,28.23,44265700.0,2019-10-08T00:00:00,AMD
28.799999,28.950001,28.35,28.459999,28.459999,35661500.0,2019-10-09T00:00:00,AMD
28.52,28.889999,28.0,28.379999,28.379999,40660100.0,2019-10-10T00:00:00,AMD
28.83,30.200001,28.809999,29.75,29.75,66256900.0,2019-10-11T00:00:00,AMD
29.709999,30.610001,29.379999,30.530001,30.530001,44473700.0,2019-10-14T00:00:00,AMD
30.700001,30.92,30.17,30.719999,30.719999,41600700.0,2019-10-15T00:00:00,AMD
30.6,31.41,30.530001,30.809999,30.809999,42804400.0,2019-10-16T00:00:00,AMD
31.299999,31.4,30.860001,31.139999,31.139999,36884400.0,2019-10-17T00:00:00,AMD
31.059999,31.33,30.290001,30.969999,30.969999,39681700.0,2019-10-18T00:00:00,AMD
31.5,32.259998,31.41,32.029999,32.029999,52182800.0,2019-10-21T00:00:00,AMD
32.060001,32.150002,31.5,31.51,31.51,36185200.0,2019-10-22T00:00:00,AMD
31.09,31.65,30.83,31.360001,31.360001,26582200.0,2019-10-23T00:00:00,AMD
31.58,31.860001,31.34,31.719999,31.719999,27808000.0,2019-10-24T00:00:00,AMD
31.9,32.860001,31.83,32.709999,32.709999,45368800.0,2019-10-25T00:00:00,AMD
33.16,33.91,33.150002,33.689999,33.689999,51223600.0,2019-10-28T00:00:00,AMD
33.73,33.900002,32.700001,33.029999,33.029999,78700100.0,2019-10-29T00:00:00,AMD
32.93,33.34,32.029999,33.130001,33.130001,78228800.0,2019-10-30T00:00:00,AMD
32.98,34.34,32.82,33.93,33.93,67881600.0,2019-10-31T00:00:00,AMD
34.369999,35.0,34.099998,34.889999,34.889999,64238600.0,2019-11-01T00:00:00,AMD
35.189999,36.450001,34.759998,36.290001,36.290001,83343800.0,2019-11-04T00:00:00,AMD
36.560001,37.18,35.98,36.150002,36.150002,84848600.0,2019-11-05T00:00:00,AMD
36.060001,36.48,35.52,35.93,35.93,51675100.0,2019-11-06T00:00:00,AMD
36.52,36.990002,36.029999,36.279999,36.279999,54350200.0,2019-11-07T00:00:00,AMD
36.060001,36.580002,36.0,36.290001,36.290001,39353900.0,2019-11-08T00:00:00,AMD
35.959999,36.66,35.580002,36.310001,36.310001,43511100.0,2019-11-11T00:00:00,AMD
36.43,37.130001,36.400002,36.709999,36.709999,58664500.0,2019-11-12T00:00:00,AMD
36.650002,37.959999,36.580002,37.52,37.52,67648300.0,2019-11-13T00:00:00,AMD
37.509998,38.5,37.360001,38.349998,38.349998,65829500.0,2019-11-14T00:00:00,AMD
38.939999,39.369999,38.34,38.560001,38.560001,62958500.0,2019-11-15T00:00:00,AMD
38.650002,39.990002,38.599998,39.880001,39.880001,66102800.0,2019-11-18T00:00:00,AMD
40.139999,41.790001,39.689999,41.290001,41.290001,94373000.0,2019-11-19T00:00:00,AMD
40.959999,41.75,40.07,40.98,40.98,79767900.0,2019-11-20T00:00:00,AMD
40.419998,40.709999,38.639999,39.52,39.52,88069400.0,2019-11-21T00:00:00,AMD
39.360001,39.889999,38.189999,39.150002,39.150002,56931900.0,2019-11-22T00:00:00,AMD
39.5,40.169998,39.490002,39.790001,39.790001,45769500.0,2019-11-25T00:00:00,AMD
39.299999,39.48,38.810001,38.990002,38.990002,43603300.0,2019-11-26T00:00:00,AMD
39.459999,39.759998,39.07,39.41,39.41,33630100.0,2019-11-27T00:00:00,AMD
39.099998,39.52,39.02,39.150002,39.150002,17609900.0,2019-11-29T00:00:00,AMD
39.32,39.41,38.439999,38.73,38.73,35710200.0,2019-12-02T00:00:00,AMD
37.34,38.93,37.150002,38.900002,38.900002,51556400.0,2019-12-03T00:00:00,AMD
39.380001,39.82,39.130001,39.689999,39.689999,44299400.0,2019-12-04T00:00:00,AMD
39.950001,40.220001,39.549999,39.619999,39.619999,35574000.0,2019-12-05T00:00:00,AMD
40.099998,40.189999,39.560001,39.630001,39.630001,31101400.0,2019-12-06T00:00:00,AMD
39.459999,39.84,38.91,38.93,38.93,27928100.0,2019-12-09T00:00:00,AMD
39.200001,39.73,38.82,39.439999,39.439999,33733600.0,2019-12-10T00:00:00,AMD
39.439999,39.610001,39.040001,39.470001,39.470001,31698300.0,2019-12-11T00:00:00,AMD
39.400002,42.619999,39.25,42.59,42.59,86878000.0,2019-12-12T00:00:00,AMD
42.349998,42.950001,41.060001,41.150002,41.150002,79927800.0,2019-12-13T00:00:00,AMD
41.73,42.98,41.73,42.349998,42.349998,58824900.0,2019-12-16T00:00:00,AMD
42.509998,43.110001,42.150002,42.77,42.77,44852000.0,2019-12-17T00:00:00,AMD
42.790001,43.060001,42.240002,42.299999,42.299999,39083300.0,2019-12-18T00:00:00,AMD
42.630001,43.34,42.599998,42.830002,42.830002,45883000.0,2019-12-19T00:00:00,AMD
43.439999,44.259998,43.259998,44.150002,44.150002,68104700.0,2019-12-20T00:00:00,AMD
44.580002,45.630001,44.389999,45.459999,45.459999,55886500.0,2019-12-23T00:00:00,AMD
46.099998,46.610001,45.77,46.540001,46.540001,44432200.0,2019-12-24T00:00:00,AMD
46.990002,47.310001,45.66,46.630001,46.630001,57562800.0,2019-12-26T00:00:00,AMD
46.849998,46.880001,45.98,46.18,46.18,36581300.0,2019-12-27T00:00:00,AMD
46.139999,46.169998,44.66,45.52,45.52,41149700.0,2019-12-30T00:00:00,AMD
45.07,46.09,44.919998,45.860001,45.860001,31673200.0,2019-12-31T00:00:00,AMD
46.860001,49.25,46.630001,49.099998,49.099998,80331100.0,2020-01-02T00:00:00,AMD
48.029999,49.389999,47.540001,48.599998,48.599998,73127400.0,2020-01-03T00:00:00,AMD
48.02,48.860001,47.860001,48.389999,48.389999,47934900.0,2020-01-06T00:00:00,AMD
49.349998,49.389999,48.040001,48.25,48.25,58061400.0,2020-01-07T00:00:00,AMD
47.849998,48.299999,47.139999,47.830002,47.830002,53767000.0,2020-01-08T00:00:00,AMD
48.939999,49.959999,48.389999,48.970001,48.970001,76512800.0,2020-01-09T00:00:00,AMD
49.259998,49.290001,48.0,48.169998,48.169998,44133700.0,2020-01-10T00:00:00,AMD
48.66,48.860001,48.240002,48.75,48.75,34266800.0,2020-01-13T00:00:00,AMD
48.639999,49.040001,47.91,48.209999,48.209999,38563200.0,2020-01-14T00:00:00,AMD
48.23,49.080002,48.119999,48.549999,48.549999,40199900.0,2020-01-15T00:00:00,AMD
49.169998,50.310001,48.990002,49.77,49.77,58898900.0,2020-01-16T00:00:00,AMD
50.200001,51.049999,49.900002,50.93,50.93,57722500.0,2020-01-17T00:00:00,AMD
50.959999,51.810001,50.700001,51.049999,51.049999,49095000.0,2020-01-21T00:00:00,AMD
51.630001,51.880001,51.200001,51.43,51.43,40772200.0,2020-01-22T00:00:00,AMD
51.34,51.75,50.740002,51.709999,51.709999,40135400.0,2020-01-23T00:00:00,AMD
52.279999,52.810001,49.470001,50.349998,50.349998,80004900.0,2020-01-24T00:00:00,AMD
48.450001,49.790001,47.900002,49.259998,49.259998,48878600.0,2020-01-27T00:00:00,AMD
50.029999,50.849998,49.48,50.529999,50.529999,62343800.0,2020-01-28T00:00:00,AMD
47.84,48.07,46.099998,47.509998,47.509998,112349900.0,2020-01-29T00:00:00,AMD
46.490002,48.810001,46.130001,48.779999,48.779999,70460200.0,2020-01-30T00:00:00,AMD
48.400002,48.580002,46.790001,47.0,47.0,60322400.0,2020-01-31T00:00:00,AMD
46.400002,48.099998,46.23,48.02,48.02,46983500.0,2020-02-03T00:00:00,AMD
49.209999,49.75,48.610001,49.450001,49.450001,46302100.0,2020-02-04T00:00:00,AMD
50.290001,50.419998,49.310001,49.84,49.84,42737100.0,2020-02-05T00:00:00,AMD
48.799999,49.389999,47.630001,49.32,49.32,48670600.0,2020-02-06T00:00:00,AMD
48.91,50.669998,48.639999,49.73,49.73,53107600.0,2020-02-07T00:00:00,AMD
49.470001,52.299999,49.349998,52.259998,52.259998,60971700.0,2020-02-10T00:00:00,AMD
53.220001,54.48,52.91,53.799999,53.799999,74719100.0,2020-02-11T00:00:00,AMD
54.529999,54.849998,53.529999,53.889999,53.889999,45994900.0,2020-02-12T00:00:00,AMD
53.43,55.029999,53.34,54.529999,54.529999,51640000.0,2020-02-13T00:00:00,AMD
55.189999,55.400002,54.560001,55.310001,55.310001,52365400.0,2020-02-14T00:00:00,AMD
54.939999,58.130001,54.84,56.889999,56.889999,70133200.0,2020-02-18T00:00:00,AMD
57.990002,59.27,57.509998,58.900002,58.900002,58597300.0,2020-02-19T00:00:00,AMD
58.439999,59.02,56.150002,57.27,57.27,74203400.0,2020-02-20T00:00:00,AMD
56.709999,56.799999,52.889999,53.279999,53.279999,88271100.0,2020-02-21T00:00:00,AMD
48.18,50.279999,47.490002,49.119999,49.119999,86624100.0,2020-02-24T00:00:00,AMD
51.139999,51.240002,47.119999,47.57,47.57,88699400.0,2020-02-25T00:00:00,AMD
47.700001,49.290001,47.07,47.490002,47.490002,86378400.0,2020-02-26T00:00:00,AMD
45.380001,46.240002,42.209999,44.009998,44.009998,106416200.0,2020-02-27T00:00:00,AMD
41.360001,46.150002,41.040001,45.48,45.48,100331800.0,2020-02-28T00:00:00,AMD
47.419998,47.68,44.66,47.459999,47.459999,102324700.0,2020-03-02T00:00:00,AMD
49.029999,50.200001,45.669998,46.75,46.75,141972300.0,2020-03-03T00:00:00,AMD
48.25,50.139999,47.209999,50.110001,50.110001,93311800.0,2020-03-04T00:00:00,AMD
48.68,49.720001,47.509998,48.110001,48.110001,98302700.0,2020-03-05T00:00:00,AMD
49.439999,49.540001,46.740002,48.59,48.59,124590900.0,2020-03-06T00:00:00,AMD
43.029999,46.34,42.509998,43.27,43.27,80859800.0,2020-03-09T00:00:00,AMD
45.41,45.439999,43.099998,45.380001,45.380001,76228200.0,2020-03-10T00:00:00,AMD
44.189999,45.970001,43.799999,45.700001,45.700001,101601100.0,2020-03-11T00:00:00,AMD
42.0,42.5,39.0,39.009998,39.009998,107461500.0,2020-03-12T00:00:00,AMD
42.200001,43.91,39.599998,43.900002,43.900002,86689700.0,2020-03-13T00:00:00,AMD
39.080002,43.369999,38.509998,38.709999,38.709999,84545900.0,2020-03-16T00:00:00,AMD
40.189999,42.880001,38.299999,41.880001,41.880001,92741900.0,2020-03-17T00:00:00,AMD
39.540001,41.950001,36.75,39.119999,39.119999,106949300.0,2020-03-18T00:00:00,AMD
39.560001,41.700001,37.689999,39.82,39.82,88939000.0,2020-03-19T00:00:00,AMD
41.509998,42.48,39.580002,39.610001,39.610001,106859500.0,2020-03-20T00:00:00,AMD
40.619999,42.32,38.950001,41.639999,41.639999,101704700.0,2020-03-23T00:00:00,AMD
44.040001,46.810001,43.990002,46.220001,46.220001,106794200.0,2020-03-24T00:00:00,AMD
46.790001,47.880001,44.43,44.630001,44.630001,93760400.0,2020-03-25T00:00:00,AMD
45.779999,47.5,45.400002,47.5,47.5,73680200.0,2020-03-26T00:00:00,AMD
46.32,47.98,45.900002,46.580002,46.580002,74599200.0,2020-03-27T00:00:00,AMD
47.240002,48.459999,46.66,47.860001,47.860001,68486600.0,2020-03-30T00:00:00,AMD
47.93,48.529999,45.16,45.48,45.48,83483700.0,2020-03-31T00:00:00,AMD
44.18,46.849998,43.16,43.66,43.66,92083100.0,2020-04-01T00:00:00,AMD
43.400002,45.279999,43.099998,44.490002,44.490002,79024100.0,2020-04-02T00:00:00,AMD
44.299999,44.84,41.700001,42.59,42.59,79335000.0,2020-04-03T00:00:00,AMD
44.299999,47.580002,44.060001,47.52,47.52,82294000.0,2020-04-06T00:00:00,AMD
48.959999,49.650002,46.68,47.560001,47.560001,102098700.0,2020-04-07T00:00:00,AMD
48.07,49.0,47.610001,48.790001,48.790001,64930800.0,2020-04-08T00:00:00,AMD
49.650002,50.25,47.720001,48.380001,48.380001,80270100.0,2020-04-09T00:00:00,AMD
48.470001,51.07,48.23,50.939999,50.939999,64290100.0,2020-04-13T00:00:00,AMD
52.240002,55.139999,52.110001,54.93,54.93,85306800.0,2020-04-14T00:00:00,AMD
53.73,55.57,53.41,54.990002,54.990002,83814000.0,2020-04-15T00:00:00,AMD
55.959999,58.080002,55.630001,56.950001,56.950001,103106500.0,2020-04-16T00:00:00,AMD
57.349998,57.759998,55.549999,56.599998,56.599998,76908800.0,2020-04-17T00:00:00,AMD
55.98,58.630001,55.849998,56.970001,56.970001,72367300.0,2020-04-20T00:00:00,AMD
56.900002,57.73,51.41,52.919998,52.919998,123906400.0,2020-04-21T00:00:00,AMD
54.91,56.150002,54.34,55.919998,55.919998,63041600.0,2020-04-22T00:00:00,AMD
56.650002,57.290001,55.639999,55.900002,55.900002,69662700.0,2020-04-23T00:00:00,AMD
55.099998,56.779999,54.419998,56.18,56.18,72761000.0,2020-04-24T00:00:00,AMD
57.439999,58.0,56.25,56.490002,56.490002,62568100.0,2020-04-27T00:00:00,AMD
57.16,57.349998,55.299999,55.509998,55.509998,80501800.0,2020-04-28T00:00:00,AMD
54.529999,54.860001,52.740002,53.66,53.66,110800900.0,2020-04-29T00:00:00,AMD
53.43,54.290001,52.029999,52.389999,52.389999,65543900.0,2020-04-30T00:00:00,AMD
51.07,51.950001,49.09,49.880001,49.880001,69562700.0,2020-05-01T00:00:00,AMD
49.82,52.610001,49.73,52.560001,52.560001,62590600.0,2020-05-04T00:00:00,AMD
53.43,53.509998,51.290001,52.189999,52.189999,56560500.0,2020-05-05T00:00:00,AMD
52.419998,53.310001,51.880001,52.16,52.16,48138100.0,2020-05-06T00:00:00,AMD
52.93,52.970001,51.619999,51.950001,51.950001,48956600.0,2020-05-07T00:00:00,AMD
52.150002,53.27,51.810001,53.189999,53.189999,40686100.0,2020-05-08T00:00:00,AMD
52.900002,55.889999,52.75,55.740002,55.740002,68746400.0,2020-05-11T00:00:00,AMD
56.209999,56.580002,53.75,53.759998,53.759998,55631100.0,2020-05-12T00:00:00,AMD
54.040001,55.220001,51.299999,52.18,52.18,76824700.0,2020-05-13T00:00:00,AMD
52.099998,54.540001,51.610001,54.509998,54.509998,73814000.0,2020-05-14T00:00:00,AMD
53.32,54.439999,52.860001,54.200001,54.200001,66950900.0,2020-05-15T00:00:00,AMD
54.98,55.25,54.240002,54.59,54.59,48569200.0,2020-05-18T00:00:00,AMD
54.389999,56.73,54.360001,55.470001,55.470001,60388500.0,2020-05-19T00:00:00,AMD
56.549999,56.98,55.630001,56.389999,56.389999,50888200.0,2020-05-20T00:00:00,AMD
56.68,56.720001,54.610001,54.650002,54.650002,48496100.0,2020-05-21T00:00:00,AMD
54.77,55.369999,53.779999,55.169998,55.169998,43524100.0,2020-05-22T00:00:00,AMD
56.009998,56.080002,53.02,53.189999,53.189999,51618900.0,2020-05-26T00:00:00,AMD
53.27,53.279999,49.09,52.740002,52.740002,102414500.0,2020-05-27T00:00:00,AMD
52.25,53.540001,51.25,51.740002,51.740002,53670200.0,2020-05-28T00:00:00,AMD
52.07,53.799999,51.849998,53.799999,53.799999,64666700.0,2020-05-29T00:00:00,AMD
53.310001,54.110001,52.889999,53.630001,53.630001,36864400.0,2020-06-01T00:00:00,AMD
53.450001,53.57,52.009998,53.540001,53.540001,42855200.0,2020-06-02T00:00:00,AMD
53.599998,53.650002,52.330002,52.73,52.73,46765300.0,2020-06-03T00:00:00,AMD
52.59,53.740002,52.200001,52.630001,52.630001,44869100.0,2020-06-04T00:00:00,AMD
52.990002,53.57,52.080002,53.099998,53.099998,53908300.0,2020-06-05T00:00:00,AMD
53.299999,53.349998,52.259998,52.970001,52.970001,39681700.0,2020-06-08T00:00:00,AMD
52.950001,56.459999,52.720001,56.389999,56.389999,79919100.0,2020-06-09T00:00:00,AMD
57.200001,59.0,57.029999,57.439999,57.439999,78719400.0,2020-06-10T00:00:00,AMD
55.939999,56.68,52.799999,52.830002,52.830002,78715400.0,2020-06-11T00:00:00,AMD
55.009998,55.599998,52.110001,53.5,53.5,71189100.0,2020-06-12T00:00:00,AMD
52.580002,54.73,52.41,54.68,54.68,56740700.0,2020-06-15T00:00:00,AMD
55.720001,56.07,53.59,54.459999,54.459999,50949700.0,2020-06-16T00:00:00,AMD
54.790001,55.82,54.299999,54.549999,54.549999,45146500.0,2020-06-17T00:00:00,AMD
54.619999,55.119999,53.650002,54.040001,54.040001,40354700.0,2020-06-18T00:00:00,AMD
54.41,55.459999,53.82,54.23,54.23,52801500.0,2020-06-19T00:00:00,AMD
54.669998,55.169998,53.740002,54.759998,54.759998,44704800.0,2020-06-22T00:00:00,AMD
55.049999,55.369999,53.869999,53.990002,53.990002,48089000.0,2020-06-23T00:00:00,AMD
53.939999,54.740002,51.919998,52.389999,52.389999,53535500.0,2020-06-24T00:00:00,AMD
52.560001,52.700001,50.540001,51.93,51.93,51129600.0,2020-06-25T00:00:00,AMD
51.849998,51.950001,49.450001,50.099998,50.099998,65485700.0,2020-06-26T00:00:00,AMD
50.150002,50.279999,48.419998,50.279999,50.279999,49905800.0,2020-06-29T00:00:00,AMD
51.16,52.77,50.82,52.610001,52.610001,42275700.0,2020-06-30T00:00:00,AMD
52.630001,52.869999,51.599998,52.580002,52.580002,32370900.0,2020-07-01T00:00:00,AMD
53.029999,53.189999,52.049999,52.34,52.34,29081400.0,2020-07-02T00:00:00,AMD
52.900002,53.52,52.330002,53.400002,53.400002,36769400.0,2020-07-06T00:00:00,AMD
53.279999,54.169998,52.860001,52.93,52.93,32153100.0,2020-07-07T00:00:00,AMD
53.009998,53.470001,52.07,53.43,53.43,35608300.0,2020-07-08T00:00:00,AMD
53.52,57.580002,53.310001,57.259998,57.259998,87216300.0,2020-07-09T00:00:00,AMD
57.540001,58.150002,55.509998,55.880001,55.880001,59839700.0,2020-07-10T00:00:00,AMD
56.68,58.349998,53.380001,53.59,53.59,57741800.0,2020-07-13T00:00:00,AMD
53.299999,54.860001,52.259998,54.720001,54.720001,54890100.0,2020-07-14T00:00:00,AMD
54.959999,55.369999,53.59,55.34,55.34,42360300.0,2020-07-15T00:00:00,AMD
54.68,55.150002,53.740002,54.919998,54.919998,36887100.0,2020-07-16T00:00:00,AMD
55.310001,55.810001,54.68,55.040001,55.040001,34710400.0,2020-07-17T00:00:00,AMD
55.23,57.529999,54.830002,57.459999,57.459999,45034300.0,2020-07-20T00:00:00,AMD
57.810001,58.5,56.32,57.0,57.0,44741000.0,2020-07-21T00:00:00,AMD
57.07,62.0,56.970001,61.790001,61.790001,135159400.0,2020-07-22T00:00:00,AMD
61.630001,62.330002,58.630001,59.57,59.57,106829100.0,2020-07-23T00:00:00,AMD
64.18,69.940002,64.050003,69.400002,69.400002,205314500.0,2020-07-24T00:00:00,AMD
69.279999,71.629997,67.790001,68.970001,68.970001,107918100.0,2020-07-27T00:00:00,AMD
68.099998,69.800003,67.019997,67.610001,67.610001,94181400.0,2020-07-28T00:00:00,AMD
75.5,77.190002,73.900002,76.089996,76.089996,132969700.0,2020-07-29T00:00:00,AMD
75.370003,78.959999,75.07,78.199997,78.199997,80286900.0,2020-07-30T00:00:00,AMD
78.669998,78.959999,75.360001,77.43,77.43,71621600.0,2020-07-31T00:00:00,AMD
78.190002,78.5,77.059998,77.669998,77.669998,42628800.0,2020-08-03T00:00:00,AMD
78.029999,85.809998,77.989998,85.040001,85.040001,155676100.0,2020-08-04T00:00:00,AMD
84.959999,86.32,83.32,85.309998,85.309998,65642600.0,2020-08-05T00:00:00,AMD
85.489998,86.980003,84.779999,86.709999,86.709999,53961700.0,2020-08-06T00:00:00,AMD
86.669998,87.290001,82.669998,84.849998,84.849998,66543200.0,2020-08-07T00:00:00,AMD
85.050003,85.160004,79.32,82.239998,82.239998,70536100.0,2020-08-10T00:00:00,AMD
80.709999,80.709999,76.099998,76.879997,76.879997,77877700.0,2020-08-11T00:00:00,AMD
78.43,82.879997,77.550003,82.610001,82.610001,88513700.0,2020-08-12T00:00:00,AMD
82.879997,84.019997,81.540001,81.839996,81.839996,57407400.0,2020-08-13T00:00:00,AMD
81.809998,83.239998,80.879997,81.300003,81.300003,42389500.0,2020-08-14T00:00:00,AMD
82.089996,83.059998,81.550003,82.419998,82.419998,31450200.0,2020-08-17T00:00:00,AMD
82.800003,82.879997,81.029999,81.660004,81.660004,30970500.0,2020-08-18T00:00:00,AMD
81.779999,81.849998,80.449997,81.089996,81.089996,37507400.0,2020-08-19T00:00:00,AMD
79.739998,82.839996,79.120003,82.769997,82.769997,42948900.0,2020-08-20T00:00:00,AMD
83.290001,84.410004,82.230003,83.809998,83.809998,48280300.0,2020-08-21T00:00:00,AMD
84.550003,85.330002,82.550003,83.080002,83.080002,38036100.0,2020-08-24T00:00:00,AMD
83.360001,86.620003,82.349998,86.349998,86.349998,49234400.0,2020-08-25T00:00:00,AMD
86.970001,87.720001,85.199997,86.019997,86.019997,47157300.0,2020-08-26T00:00:00,AMD
86.349998,86.580002,82.940002,83.800003,83.800003,42194200.0,2020-08-27T00:00:00,AMD
84.300003,86.040001,84.190002,85.550003,85.550003,40723300.0,2020-08-28T00:00:00,AMD
85.050003,92.639999,85.050003,90.82,90.82,90655900.0,2020-08-31T00:00:00,AMD
91.919998,92.510002,90.190002,92.18,92.18,55825600.0,2020-09-01T00:00:00,AMD
94.010002,94.279999,88.739998,90.220001,90.220001,50366900.0,2020-09-02T00:00:00,AMD
87.839996,88.470001,81.589996,82.540001,82.540001,87462700.0,2020-09-03T00:00:00,AMD
81.449997,84.389999,76.330002,82.010002,82.010002,82267800.0,2020-09-04T00:00:00,AMD
78.050003,81.879997,78.0,78.690002,78.690002,54955700.0,2020-09-08T00:00:00,AMD
81.400002,82.440002,79.279999,81.910004,81.910004,54163900.0,2020-09-09T00:00:00,AMD
83.07,83.309998,78.379997,78.980003,78.980003,51499400.0,2020-09-10T00:00:00,AMD
79.82,79.989998,75.040001,76.339996,76.339996,54763000.0,2020-09-11T00:00:00,AMD
76.800003,78.82,76.260002,77.900002,77.900002,47448700.0,2020-09-14T00:00:00,AMD
77.660004,80.330002,75.970001,78.93,78.93,57874400.0,2020-09-15T00:00:00,AMD
79.349998,79.720001,76.540001,76.660004,76.660004,38393500.0,2020-09-16T00:00:00,AMD
74.879997,76.629997,74.199997,76.550003,76.550003,55619100.0,2020-09-17T00:00:00,AMD
77.0,77.400002,73.849998,74.93,74.93,51082900.0,2020-09-18T00:00:00,AMD
74.230003,77.980003,73.879997,77.940002,77.940002,61312000.0,2020-09-21T00:00:00,AMD
78.360001,78.790001,75.269997,77.699997,77.699997,56044700.0,2020-09-22T00:00:00,AMD
77.389999,77.910004,74.339996,74.730003,74.730003,42327500.0,2020-09-23T00:00:00,AMD
74.540001,77.25,73.900002,75.82,75.82,57540900.0,2020-09-24T00:00:00,AMD
76.349998,78.199997,74.669998,78.059998,78.059998,48206200.0,2020-09-25T00:00:00,AMD
79.120003,79.57,77.519997,79.480003,79.480003,48005500.0,2020-09-28T00:00:00,AMD
79.300003,82.550003,79.300003,81.769997,81.769997,61568900.0,2020-09-29T00:00:00,AMD
81.75,82.940002,80.660004,81.989998,81.989998,51533700.0,2020-09-30T00:00:00,AMD
83.059998,85.25,82.860001,84.860001,84.860001,52177100.0,2020-10-01T00:00:00,AMD
82.580002,84.650002,81.660004,81.800003,81.800003,52855100.0,2020-10-02T00:00:00,AMD
82.550003,86.279999,82.550003,86.150002,86.150002,47056500.0,2020-10-05T00:00:00,AMD
86.209999,87.25,83.540001,84.480003,84.480003,52725400.0,2020-10-06T00:00:00,AMD
86.099998,87.790001,85.650002,86.690002,86.690002,43045700.0,2020-10-07T00:00:00,AMD
88.110001,88.720001,85.949997,86.510002,86.510002,54240700.0,2020-10-08T00:00:00,AMD
84.739998,85.75,82.349998,83.099998,83.099998,80354400.0,2020-10-09T00:00:00,AMD
83.650002,85.129997,83.120003,84.290001,84.290001,47669700.0,2020-10-12T00:00:00,AMD
84.860001,86.089996,83.970001,85.279999,85.279999,42764100.0,2020-10-13T00:00:00,AMD
85.860001,85.959999,83.459999,84.209999,84.209999,40403000.0,2020-10-14T00:00:00,AMD
83.400002,84.720001,82.419998,83.129997,83.129997,33696400.0,2020-10-15T00:00:00,AMD
83.540001,83.989998,82.410004,83.169998,83.169998,31474300.0,2020-10-16T00:00:00,AMD
83.620003,84.650002,81.529999,82.0,82.0,36689100.0,2020-10-19T00:00:00,AMD
82.160004,82.690002,80.580002,81.559998,81.559998,38219400.0,2020-10-20T00:00:00,AMD
81.720001,81.93,79.190002,79.199997,79.199997,36426400.0,2020-10-21T00:00:00,AMD
79.650002,80.82,78.419998,79.419998,79.419998,38006800.0,2020-10-22T00:00:00,AMD
80.93,81.989998,79.330002,81.959999,81.959999,46557700.0,2020-10-23T00:00:00,AMD
82.550003,84.970001,80.860001,82.230003,82.230003,69423700.0,2020-10-26T00:00:00,AMD
82.0,82.370003,77.57,78.879997,78.879997,156669500.0,2020-10-27T00:00:00,AMD
78.730003,78.959999,75.760002,76.400002,76.400002,76529900.0,2020-10-28T00:00:00,AMD
76.75,79.18,76.290001,78.019997,78.019997,52784100.0,2020-10-29T00:00:00,AMD
77.089996,77.699997,74.230003,75.290001,75.290001,51349000.0,2020-10-30T00:00:00,AMD
75.849998,76.339996,73.760002,74.699997,74.699997,45760700.0,2020-11-02T00:00:00,AMD
74.93,77.080002,74.599998,76.580002,76.580002,41231800.0,2020-11-03T00:00:00,AMD
80.25,81.849998,78.970001,81.349998,81.349998,66579700.0,2020-11-04T00:00:00,AMD
83.269997,83.5,81.849998,83.0,83.0,46542300.0,2020-11-05T00:00:00,AMD
83.519997,86.089996,82.669998,85.879997,85.879997,53829900.0,2020-11-06T00:00:00,AMD
84.239998,87.050003,82.769997,83.120003,83.120003,58580700.0,2020-11-09T00:00:00,AMD
81.93,82.129997,77.629997,77.989998,77.989998,67137200.0,2020-11-10T00:00:00,AMD
79.389999,81.470001,78.970001,81.279999,81.279999,44611300.0,2020-11-11T00:00:00,AMD
81.32,83.0,80.300003,81.839996,81.839996,37242600.0,2020-11-12T00:00:00,AMD
82.730003,83.110001,80.699997,81.43,81.43,30423200.0,2020-11-13T00:00:00,AMD
81.209999,83.779999,80.480003,83.730003,83.730003,38640800.0,2020-11-16T00:00:00,AMD
83.93,84.809998,82.910004,83.360001,83.360001,29473500.0,2020-11-17T00:00:00,AMD
83.010002,83.959999,82.220001,82.540001,82.540001,29968000.0,2020-11-18T00:00:00,AMD
82.389999,85.639999,81.720001,85.540001,85.540001,50116800.0,2020-11-19T00:00:00,AMD
85.279999,86.099998,84.470001,84.639999,84.639999,35008400.0,2020-11-20T00:00:00,AMD
85.519997,87.540001,84.620003,85.309998,85.309998,46505000.0,2020-11-23T00:00:00,AMD
85.720001,86.110001,83.32,85.07,85.07,36839200.0,2020-11-24T00:00:00,AMD
85.760002,87.839996,85.519997,86.709999,86.709999,41349700.0,2020-11-25T00:00:00,AMD
87.989998,88.0,86.360001,87.190002,87.190002,22717600.0,2020-11-27T00:00:00,AMD
87.330002,92.739998,86.529999,92.660004,92.660004,84483000.0,2020-11-30T00:00:00,AMD
92.25,93.900002,90.779999,92.629997,92.629997,58583600.0,2020-12-01T00:00:00,AMD
92.889999,96.370003,92.529999,93.739998,93.739998,57988800.0,2020-12-02T00:00:00,AMD
94.059998,94.699997,92.010002,92.309998,92.309998,35859700.0,2020-12-03T00:00:00,AMD
92.580002,94.580002,90.629997,94.040001,94.040001,45570300.0,2020-12-04T00:00:00,AMD
94.949997,95.0,92.970001,94.07,94.07,39815700.0,2020-12-07T00:00:00,AMD
94.050003,94.739998,91.900002,92.919998,92.919998,33907500.0,2020-12-08T00:00:00,AMD
92.760002,94.699997,89.160004,89.830002,89.830002,52170400.0,2020-12-09T00:00:00,AMD
89.550003,92.089996,89.029999,91.660004,91.660004,33804400.0,2020-12-10T00:00:00,AMD
91.540001,92.330002,90.160004,91.650002,91.650002,28368100.0,2020-12-11T00:00:00,AMD
92.209999,95.410004,91.849998,94.779999,94.779999,48026400.0,2020-12-14T00:00:00,AMD
95.93,97.980003,95.449997,97.120003,97.120003,57232700.0,2020-12-15T00:00:00,AMD
97.040001,97.269997,95.459999,96.849998,96.849998,34909000.0,2020-12-16T00:00:00,AMD
97.550003,97.919998,96.25,96.839996,96.839996,32023700.0,2020-12-17T00:00:00,AMD
97.269997,97.68,93.559998,95.919998,95.919998,51823100.0,2020-12-18T00:00:00,AMD
94.25,95.279999,91.080002,93.230003,93.230003,47093900.0,2020-12-21T00:00:00,AMD
93.360001,93.550003,90.529999,93.160004,93.160004,35673700.0,2020-12-22T00:00:00,AMD
93.080002,93.129997,91.459999,91.550003,91.550003,25993300.0,2020-12-23T00:00:00,AMD
91.800003,92.510002,91.309998,91.809998,91.809998,16705900.0,2020-12-24T00:00:00,AMD
92.93,93.139999,90.82,91.599998,91.599998,30627300.0,2020-12-28T00:00:00,AMD
91.660004,92.459999,89.43,90.620003,90.620003,31748200.0,2020-12-29T00:00:00,AMD
90.779999,92.849998,90.190002,92.290001,92.290001,25845000.0,2020-12-30T00:00:00,AMD
92.099998,92.300003,90.870003,91.709999,91.709999,24930700.0,2020-12-31T00:00:00,AMD
92.110001,96.059998,90.919998,92.300003,92.300003,51802600.0,2021-01-04T00:00:00,AMD
92.099998,93.209999,91.410004,92.769997,92.769997,34208000.0,2021-01-05T00:00:00,AMD
91.620003,92.279999,89.459999,90.330002,90.330002,51911700.0,2021-01-06T00:00:00,AMD
91.330002,95.510002,91.199997,95.160004,95.160004,42897200.0,2021-01-07T00:00:00,AMD
95.980003,96.400002,93.269997,94.580002,94.580002,39816400.0,2021-01-08T00:00:00,AMD
94.029999,99.230003,93.760002,97.25,97.25,48600200.0,2021-01-11T00:00:00,AMD
97.860001,98.970001,94.07,95.360001,95.360001,67672300.0,2021-01-12T00:00:00,AMD
93.010002,93.889999,90.839996,91.779999,91.779999,60712900.0,2021-01-13T00:00:00,AMD
91.769997,92.360001,90.449997,90.790001,90.790001,53408200.0,2021-01-14T00:00:00,AMD
90.75,91.589996,87.860001,88.209999,88.209999,49340300.0,2021-01-15T00:00:00,AMD
89.559998,89.580002,87.239998,89.449997,89.449997,45115100.0,2021-01-19T00:00:00,AMD
90.550003,90.779999,88.599998,88.75,88.75,35185800.0,2021-01-20T00:00:00,AMD
89.339996,92.07,88.43,91.529999,91.529999,54221900.0,2021-01-21T00:00:00,AMD
94.419998,95.949997,91.879997,92.790001,92.790001,71294700.0,2021-01-22T00:00:00,AMD
94.139999,95.739998,91.400002,94.129997,94.129997,55086900.0,2021-01-25T00:00:00,AMD
94.910004,95.720001,93.629997,94.709999,94.709999,59449100.0,2021-01-26T00:00:00,AMD
91.099998,91.879997,86.220001,88.839996,88.839996,73341200.0,2021-01-27T00:00:00,AMD
89.830002,89.879997,87.300003,87.519997,87.519997,47048400.0,2021-01-28T00:00:00,AMD
87.559998,88.330002,85.019997,85.639999,85.639999,56735800.0,2021-01-29T00:00:00,AMD
86.830002,87.949997,84.660004,87.660004,87.660004,42359300.0,2021-02-01T00:00:00,AMD
88.489998,89.279999,86.949997,88.860001,88.860001,33850000.0,2021-02-02T00:00:00,AMD
88.599998,89.480003,87.339996,87.889999,87.889999,32312900.0,2021-02-03T00:00:00,AMD
88.220001,88.599998,87.059998,87.839996,87.839996,30791600.0,2021-02-04T00:00:00,AMD
88.150002,88.360001,86.879997,87.900002,87.900002,30268700.0,2021-02-05T00:00:00,AMD
88.309998,91.989998,87.980003,91.470001,91.470001,47639900.0,2021-02-08T00:00:00,AMD
91.389999,93.300003,90.550003,90.910004,90.910004,37596400.0,2021-02-09T00:00:00,AMD
91.5,93.269997,90.459999,92.349998,92.349998,42441300.0,2021-02-10T00:00:00,AMD
92.900002,93.650002,91.330002,92.660004,92.660004,35571000.0,2021-02-11T00:00:00,AMD
92.75,94.220001,91.900002,93.769997,93.769997,38538400.0,2021-02-12T00:00:00,AMD
93.900002,94.0,90.75,91.459999,91.459999,35105900.0,2021-02-16T00:00:00,AMD
90.559998,90.959999,88.57,89.940002,89.940002,32245500.0,2021-02-17T00:00:00,AMD
89.089996,89.599998,87.309998,88.639999,88.639999,35624900.0,2021-02-18T00:00:00,AMD
89.75,90.419998,88.690002,89.580002,89.580002,29548300.0,2021-02-19T00:00:00,AMD
88.150002,88.300003,85.209999,85.370003,85.370003,36930200.0,2021-02-22T00:00:00,AMD
83.400002,85.110001,79.360001,84.739998,84.739998,49720900.0,2021-02-23T00:00:00,AMD
84.330002,87.089996,82.809998,86.940002,86.940002,40821200.0,2021-02-24T00:00:00,AMD
86.169998,87.089996,81.919998,82.419998,82.419998,54625100.0,2021-02-25T00:00:00,AMD
83.57,85.589996,82.910004,84.510002,84.510002,48962900.0,2021-02-26T00:00:00,AMD
85.370003,86.5,83.970001,86.389999,86.389999,32746200.0,2021-03-01T00:00:00,AMD
86.919998,86.949997,84.040001,84.129997,84.129997,34828200.0,2021-03-02T00:00:00,AMD
84.279999,84.379997,80.849998,80.860001,80.860001,43541000.0,2021-03-03T00:00:00,AMD
80.230003,81.809998,76.779999,77.75,77.75,60549400.0,2021-03-04T00:00:00,AMD
79.0,79.480003,74.199997,78.519997,78.519997,58548900.0,2021-03-05T00:00:00,AMD
78.029999,79.0,73.860001,73.959999,73.959999,54563900.0,2021-03-08T00:00:00,AMD
76.730003,79.220001,75.769997,78.529999,78.529999,45088300.0,2021-03-09T00:00:00,AMD
79.75,80.040001,77.410004,77.519997,77.519997,45416600.0,2021-03-10T00:00:00,AMD
79.400002,81.889999,79.370003,81.230003,81.230003,43583700.0,2021-03-11T00:00:00,AMD
79.730003,81.190002,79.230003,81.050003,81.050003,32938000.0,2021-03-12T00:00:00,AMD
81.910004,83.389999,81.199997,82.5,82.5,39086800.0,2021-03-15T00:00:00,AMD
83.660004,84.75,82.260002,82.75,82.75,42971600.0,2021-03-16T00:00:00,AMD
81.75,83.25,80.410004,82.629997,82.629997,43320600.0,2021-03-17T00:00:00,AMD
81.059998,81.620003,78.010002,78.120003,78.120003,51036500.0,2021-03-18T00:00:00,AMD
78.489998,79.339996,77.589996,79.059998,79.059998,42283400.0,2021-03-19T00:00:00,AMD
79.989998,81.269997,79.220001,80.300003,80.300003,39648600.0,2021-03-22T00:00:00,AMD
80.129997,80.339996,77.949997,78.379997,78.379997,40466600.0,2021-03-23T00:00:00,AMD
77.550003,78.800003,76.400002,76.480003,76.480003,43753600.0,2021-03-24T00:00:00,AMD
75.849998,76.949997,74.959999,76.220001,76.220001,44735100.0,2021-03-25T00:00:00,AMD
76.620003,77.5,75.029999,77.410004,77.410004,49148700.0,2021-03-26T00:00:00,AMD
77.029999,78.019997,76.260002,77.139999,77.139999,37144300.0,2021-03-29T00:00:00,AMD
76.470001,76.559998,74.849998,76.0,76.0,39169300.0,2021-03-30T00:00:00,AMD
76.57,79.129997,76.519997,78.5,78.5,43659500.0,2021-03-31T00:00:00,AMD
80.160004,81.309998,79.480003,81.089996,81.089996,40182400.0,2021-04-01T00:00:00,AMD
81.739998,81.900002,80.389999,81.43,81.43,32610600.0,2021-04-05T00:00:00,AMD
81.209999,82.459999,80.879997,81.440002,81.440002,29327900.0,2021-04-06T00:00:00,AMD
81.32,83.099998,80.349998,82.199997,82.199997,35590900.0,2021-04-07T00:00:00,AMD
83.32,83.790001,82.440002,83.349998,83.349998,41925300.0,2021-04-08T00:00:00,AMD
82.800003,83.589996,82.160004,82.760002,82.760002,32759900.0,2021-04-09T00:00:00,AMD
82.059998,82.18,78.029999,78.580002,78.580002,62098800.0,2021-04-12T00:00:00,AMD
79.669998,80.720001,78.980003,80.190002,80.190002,37767300.0,2021-04-13T00:00:00,AMD
79.879997,80.129997,77.940002,78.550003,78.550003,34263800.0,2021-04-14T00:00:00,AMD
80.32,83.949997,79.970001,83.010002,83.010002,68942800.0,2021-04-15T00:00:00,AMD
83.300003,83.589996,81.529999,82.150002,82.150002,47280600.0,2021-04-16T00:00:00,AMD
82.129997,83.18,80.389999,81.110001,81.110001,39115500.0,2021-04-19T00:00:00,AMD
80.82,81.110001,78.510002,79.269997,79.269997,34977800.0,2021-04-20T00:00:00,AMD
78.989998,81.660004,78.860001,81.610001,81.610001,35069000.0,2021-04-21T00:00:00,AMD
81.610001,81.790001,78.589996,79.059998,79.059998,38846100.0,2021-04-22T00:00:00,AMD
80.209999,83.300003,79.959999,82.760002,82.760002,49194000.0,2021-04-23T00:00:00,AMD
83.349998,85.900002,82.699997,85.410004,85.410004,57594500.0,2021-04-26T00:00:00,AMD
85.669998,87.150002,85.129997,85.209999,85.209999,61909900.0,2021-04-27T00:00:00,AMD
88.849998,89.199997,83.919998,84.019997,84.019997,108920300.0,2021-04-28T00:00:00,AMD
84.699997,85.269997,82.629997,83.910004,83.910004,51294500.0,2021-04-29T00:00:00,AMD
82.970001,84.099998,81.419998,81.620003,81.620003,46601900.0,2021-04-30T00:00:00,AMD
81.970001,82.0,78.459999,78.550003,78.550003,66323300.0,2021-05-03T00:00:00,AMD
77.949997,78.669998,77.040001,78.610001,78.610001,59194300.0,2021-05-04T00:00:00,AMD
79.050003,79.300003,77.360001,77.830002,77.830002,42310200.0,2021-05-05T00:00:00,AMD
77.629997,78.059998,76.470001,77.889999,77.889999,38661300.0,2021-05-06T00:00:00,AMD
78.75,79.57,78.220001,78.809998,78.809998,36954200.0,2021-05-07T00:00:00,AMD
78.199997,78.300003,75.919998,75.989998,75.989998,45134500.0,2021-05-10T00:00:00,AMD
73.57,76.93,72.75,76.830002,76.830002,51008200.0,2021-05-11T00:00:00,AMD
75.089996,76.129997,74.160004,74.639999,74.639999,42531400.0,2021-05-12T00:00:00,AMD
75.209999,75.699997,72.5,73.089996,73.089996,48646800.0,2021-05-13T00:00:00,AMD
74.019997,75.029999,72.720001,74.589996,74.589996,38355800.0,2021-05-14T00:00:00,AMD
74.220001,75.519997,73.410004,74.650002,74.650002,40779200.0,2021-05-17T00:00:00,AMD
74.739998,75.769997,74.239998,74.440002,74.440002,31982500.0,2021-05-18T00:00:00,AMD
73.160004,76.970001,72.760002,76.230003,76.230003,73966200.0,2021-05-19T00:00:00,AMD
76.809998,78.269997,76.25,78.059998,78.059998,49135000.0,2021-05-20T00:00:00,AMD
78.550003,78.809998,77.040001,77.169998,77.169998,40201100.0,2021-05-21T00:00:00,AMD
77.260002,78.010002,76.800003,77.440002,77.440002,33194300.0,2021-05-24T00:00:00,AMD
77.330002,78.769997,76.839996,77.860001,77.860001,47353100.0,2021-05-25T00:00:00,AMD
77.830002,78.589996,77.589996,78.339996,78.339996,30354000.0,2021-05-26T00:00:00,AMD
78.110001,78.43,77.470001,78.419998,78.419998,35883200.0,2021-05-27T00:00:00,AMD
78.660004,81.089996,78.660004,80.080002,80.080002,40952700.0,2021-05-28T00:00:00,AMD
81.010002,82.910004,80.660004,80.809998,80.809998,43433000.0,2021-06-01T00:00:00,AMD
81.0,82.599998,80.660004,81.970001,81.970001,35203200.0,2021-06-02T00:00:00,AMD
81.129997,81.889999,80.260002,80.279999,80.279999,29812000.0,2021-06-03T00:00:00,AMD
80.919998,82.190002,80.809998,81.580002,81.580002,26387800.0,2021-06-04T00:00:00,AMD
81.400002,81.68,80.379997,81.349998,81.349998,29006800.0,2021-06-07T00:00:00,AMD
81.870003,82.650002,80.449997,80.889999,80.889999,26956600.0,2021-06-08T00:00:00,AMD
81.089996,81.68,79.800003,79.959999,79.959999,28454600.0,2021-06-09T00:00:00,AMD
80.019997,81.709999,79.699997,81.559998,81.559998,28606400.0,2021-06-10T00:00:00,AMD
81.610001,82.330002,80.699997,81.309998,81.309998,24310900.0,2021-06-11T00:00:00,AMD
81.510002,81.550003,80.199997,81.550003,81.550003,27830200.0,2021-06-14T00:00:00,AMD
81.589996,81.68,80.220001,80.470001,80.470001,26194300.0,2021-06-15T00:00:00,AMD
80.75,81.449997,78.959999,80.110001,80.110001,29598300.0,2021-06-16T00:00:00,AMD
80.769997,85.370003,80.57,84.559998,84.559998,77822800.0,2021-06-17T00:00:00,AMD
84.279999,85.769997,83.480003,84.650002,84.650002,58736800.0,2021-06-18T00:00:00,AMD
83.489998,84.190002,82.209999,82.589996,82.589996,44417100.0,2021-06-21T00:00:00,AMD
82.900002,84.040001,82.480003,83.580002,83.580002,32107700.0,2021-06-22T00:00:00,AMD
83.830002,84.489998,83.160004,83.82,83.82,25992400.0,2021-06-23T00:00:00,AMD
84.389999,87.139999,84.370003,86.099998,86.099998,42217700.0,2021-06-24T00:00:00,AMD
86.339996,86.360001,85.099998,85.620003,85.620003,27804500.0,2021-06-25T00:00:00,AMD
86.379997,88.0,86.150002,87.080002,87.080002,30262000.0,2021-06-28T00:00:00,AMD
87.410004,90.300003,86.660004,89.519997,89.519997,46181000.0,2021-06-29T00:00:00,AMD
90.82,94.339996,90.599998,93.93,93.93,70721500.0,2021-06-30T00:00:00,AMD
94.040001,94.18,91.699997,93.309998,93.309998,58059000.0,2021-07-01T00:00:00,AMD
93.279999,95.269997,92.209999,94.699997,94.699997,51316700.0,2021-07-02T00:00:00,AMD
94.879997,95.410004,93.32,94.470001,94.470001,44930100.0,2021-07-06T00:00:00,AMD
95.019997,95.440002,90.309998,90.540001,90.540001,51498500.0,2021-07-07T00:00:00,AMD
87.860001,90.339996,87.449997,89.739998,89.739998,45673500.0,2021-07-08T00:00:00,AMD
90.040001,91.260002,88.529999,90.900002,90.900002,35278400.0,2021-07-09T00:00:00,AMD
91.220001,91.900002,89.650002,90.809998,90.809998,28526600.0,2021-07-12T00:00:00,AMD
90.480003,91.410004,89.830002,90.260002,90.260002,30367600.0,2021-07-13T00:00:00,AMD
90.760002,91.400002,88.940002,89.050003,89.050003,28108500.0,2021-07-14T00:00:00,AMD
89.779999,89.779999,86.18,86.93,86.93,38944700.0,2021-07-15T00:00:00,AMD
87.32,88.029999,85.68,85.889999,85.889999,35860700.0,2021-07-16T00:00:00,AMD
84.989998,87.230003,84.239998,86.580002,86.580002,39244800.0,2021-07-19T00:00:00,AMD
87.089996,87.769997,85.169998,87.110001,87.110001,28089000.0,2021-07-20T00:00:00,AMD
87.25,89.489998,86.900002,89.410004,89.410004,29469900.0,2021-07-21T00:00:00,AMD
89.400002,91.360001,89.080002,91.209999,91.209999,33730100.0,2021-07-22T00:00:00,AMD
91.349998,92.370003,90.190002,92.150002,92.150002,31708900.0,2021-07-23T00:00:00,AMD
92.010002,92.75,91.120003,91.82,91.82,27668500.0,2021-07-26T00:00:00,AMD
92.940002,94.099998,89.099998,91.029999,91.029999,69427000.0,2021-07-27T00:00:00,AMD
93.440002,98.709999,89.650002,97.93,97.93,140561000.0,2021-07-28T00:00:00,AMD
96.580002,105.739998,96.580002,102.949997,102.949997,164091800.0,2021-07-29T00:00:00,AMD
101.599998,106.970001,101.379997,106.190002,106.190002,125632000.0,2021-07-30T00:00:00,AMD
105.93,110.330002,103.830002,108.629997,108.629997,115581900.0,2021-08-02T00:00:00,AMD
108.150002,114.849998,107.660004,112.559998,112.559998,157723100.0,2021-08-03T00:00:00,AMD
114.360001,122.489998,114.160004,118.769997,118.769997,225368700.0,2021-08-04T00:00:00,AMD
116.629997,117.68,111.589996,112.349998,112.349998,137860900.0,2021-08-05T00:00:00,AMD
110.550003,116.260002,109.699997,110.110001,110.110001,143899000.0,2021-08-06T00:00:00,AMD
111.309998,112.330002,107.059998,107.580002,107.580002,115749900.0,2021-08-09T00:00:00,AMD
107.900002,109.169998,104.360001,106.480003,106.480003,113012300.0,2021-08-10T00:00:00,AMD
107.599998,109.790001,105.620003,107.68,107.68,91788300.0,2021-08-11T00:00:00,AMD
107.389999,108.440002,105.860001,106.5,106.5,60578700.0,2021-08-12T00:00:00,AMD
107.169998,111.709999,106.57,110.550003,110.550003,100135700.0,2021-08-13T00:00:00,AMD
110.199997,111.580002,105.870003,107.480003,107.480003,73325400.0,2021-08-16T00:00:00,AMD
106.639999,108.699997,105.349998,107.559998,107.559998,74053900.0,2021-08-17T00:00:00,AMD
107.349998,108.07,103.269997,103.440002,103.440002,79387900.0,2021-08-18T00:00:00,AMD
103.32,106.18,101.980003,103.699997,103.699997,71117500.0,2021-08-19T00:00:00,AMD
104.32,105.980003,103.989998,104.650002,104.650002,55227600.0,2021-08-20T00:00:00,AMD
105.300003,109.019997,104.860001,108.769997,108.769997,68835300.0,2021-08-23T00:00:00,AMD
109.449997,109.610001,107.279999,107.650002,107.650002,51239300.0,2021-08-24T00:00:00,AMD
108.129997,109.910004,107.449997,108.300003,108.300003,45485500.0,2021-08-25T00:00:00,AMD
108.57,109.230003,106.839996,107.269997,107.269997,51442500.0,2021-08-26T00:00:00,AMD
108.010002,111.779999,107.800003,111.400002,111.400002,61030000.0,2021-08-27T00:00:00,AMD
112.610001,114.489998,111.260002,111.32,111.32,56130500.0,2021-08-30T00:00:00,AMD
111.260002,111.260002,109.029999,110.720001,110.720001,49339000.0,2021-08-31T00:00:00,AMD
111.300003,111.849998,109.849998,109.989998,109.989998,38579600.0,2021-09-01T00:00:00,AMD
110.32,110.879997,108.769997,109.199997,109.199997,40090500.0,2021-09-02T00:00:00,AMD
108.849998,111.169998,108.5,109.919998,109.919998,42605800.0,2021-09-03T00:00:00,AMD
109.959999,110.580002,108.660004,109.150002,109.150002,28815200.0,2021-09-07T00:00:00,AMD
108.879997,109.300003,105.519997,106.169998,106.169998,43067900.0,2021-09-08T00:00:00,AMD
106.559998,107.300003,105.839996,106.150002,106.150002,31857900.0,2021-09-09T00:00:00,AMD
106.989998,106.989998,104.980003,105.199997,105.199997,32602300.0,2021-09-10T00:00:00,AMD
105.260002,105.279999,102.629997,104.800003,104.800003,37767800.0,2021-09-13T00:00:00,AMD
105.519997,106.82,104.419998,105.730003,105.730003,40629500.0,2021-09-14T00:00:00,AMD
106.0,106.32,104.029999,105.599998,105.599998,37998900.0,2021-09-15T00:00:00,AMD
104.919998,106.75,103.760002,106.220001,106.220001,38150300.0,2021-09-16T00:00:00,AMD
105.559998,105.980003,103.709999,103.879997,103.879997,44528300.0,2021-09-17T00:00:00,AMD
101.580002,102.510002,99.510002,101.550003,101.550003,45228400.0,2021-09-20T00:00:00,AMD
102.150002,103.43,101.18,102.82,102.82,35481500.0,2021-09-21T00:00:00,AMD
102.82,104.559998,102.209999,104.379997,104.379997,34126300.0,2021-09-22T00:00:00,AMD
104.889999,106.860001,103.889999,106.150002,106.150002,32816700.0,2021-09-23T00:00:00,AMD
105.190002,106.050003,104.68,105.800003,105.800003,26482600.0,2021-09-24T00:00:00,AMD
105.07,108.440002,103.440002,108.160004,108.160004,51944300.0,2021-09-27T00:00:00,AMD
106.839996,107.650002,101.419998,101.519997,101.519997,74469000.0,2021-09-28T00:00:00,AMD
102.300003,102.660004,99.809998,100.349998,100.349998,52224700.0,2021-09-29T00:00:00,AMD
102.080002,104.440002,101.989998,102.900002,102.900002,57636700.0,2021-09-30T00:00:00,AMD
102.599998,103.0,100.639999,102.449997,102.449997,41491600.0,2021-10-01T00:00:00,AMD
101.739998,101.849998,99.82,100.339996,100.339996,41967100.0,2021-10-04T00:00:00,AMD
100.919998,102.870003,100.610001,101.809998,101.809998,31455200.0,2021-10-05T00:00:00,AMD
100.449997,103.720001,100.349998,103.639999,103.639999,39071700.0,2021-10-06T00:00:00,AMD
104.599998,107.949997,104.459999,106.449997,106.449997,41543100.0,2021-10-07T00:00:00,AMD
106.550003,107.279999,104.889999,105.059998,105.059998,30623000.0,2021-10-08T00:00:00,AMD
104.620003,107.199997,104.019997,104.68,104.68,31284400.0,2021-10-11T00:00:00,AMD
105.169998,106.040001,104.339996,105.040001,105.040001,34039900.0,2021-10-12T00:00:00,AMD
106.279999,109.879997,106.25,109.160004,109.160004,55631900.0,2021-10-13T00:00:00,AMD
110.5,112.220001,109.629997,111.989998,111.989998,46900200.0,2021-10-14T00:00:00,AMD
112.510002,112.839996,111.110001,112.120003,112.120003,34203000.0,2021-10-15T00:00:00,AMD
111.900002,116.879997,111.370003,116.43,116.43,47537800.0,2021-10-18T00:00:00,AMD
116.160004,117.169998,114.470001,116.330002,116.330002,39593900.0,2021-10-19T00:00:00,AMD
116.290001,118.300003,115.419998,116.389999,116.389999,34244800.0,2021-10-20T00:00:00,AMD
116.5,119.68,116.260002,119.330002,119.330002,34794900.0,2021-10-21T00:00:00,AMD
120.830002,121.559998,118.370003,119.82,119.82,38992700.0,2021-10-22T00:00:00,AMD
120.519997,123.459999,118.599998,122.360001,122.360001,47834100.0,2021-10-25T00:00:00,AMD
122.989998,127.199997,122.580002,122.93,122.93,59458900.0,2021-10-26T00:00:00,AMD
121.629997,128.080002,121.050003,122.279999,122.279999,98245300.0,2021-10-27T00:00:00,AMD
122.860001,123.5,120.260002,121.160004,121.160004,58002500.0,2021-10-28T00:00:00,AMD
120.949997,122.57,119.879997,120.230003,120.230003,43320100.0,2021-10-29T00:00:00,AMD
119.449997,125.669998,118.129997,125.230003,125.230003,54559800.0,2021-11-01T00:00:00,AMD
124.980003,128.460007,124.199997,127.629997,127.629997,53491900.0,2021-11-02T00:00:00,AMD
127.75,130.600006,126.790001,130.529999,130.529999,59537800.0,2021-11-03T00:00:00,AMD
132.009995,139.0,130.770004,137.5,137.5,84825200.0,2021-11-04T00:00:00,AMD
139.190002,141.220001,134.419998,136.339996,136.339996,64920600.0,2021-11-05T00:00:00,AMD
137.699997,153.600006,137.699997,150.160004,150.160004,141493800.0,2021-11-08T00:00:00,AMD
154.009995,155.649994,143.889999,148.919998,148.919998,98442600.0,2021-11-09T00:00:00,AMD
143.929993,146.300003,138.520004,139.869995,139.869995,82989200.0,2021-11-10T00:00:00,AMD
142.960007,146.470001,140.839996,146.009995,146.009995,67934800.0,2021-11-11T00:00:00,AMD
146.029999,148.589996,144.25,147.889999,147.889999,52162100.0,2021-11-12T00:00:00,AMD
148.0,148.979996,142.860001,146.490005,146.490005,52271300.0,2021-11-15T00:00:00,AMD
145.929993,153.080002,145.339996,152.449997,152.449997,53100800.0,2021-11-16T00:00:00,AMD
151.979996,154.660004,149.690002,151.339996,151.339996,54527500.0,2021-11-17T00:00:00,AMD
157.070007,158.889999,152.559998,155.020004,155.020004,60612700.0,2021-11-18T00:00:00,AMD
155.759995,156.919998,153.449997,155.410004,155.410004,41668900.0,2021-11-19T00:00:00,AMD
157.139999,161.880005,152.389999,152.520004,152.520004,58674100.0,2021-11-22T00:00:00,AMD
150.410004,152.660004,145.300003,149.919998,149.919998,62852700.0,2021-11-23T00:00:00,AMD
149.460007,157.929993,147.190002,157.800003,157.800003,60677100.0,2021-11-24T00:00:00,AMD
155.800003,158.100006,152.809998,154.809998,154.809998,36245100.0,2021-11-26T00:00:00,AMD
157.5,162.509995,156.100006,161.910004,161.910004,57438900.0,2021-11-29T00:00:00,AMD
163.279999,164.460007,155.679993,158.369995,158.369995,75182500.0,2021-11-30T00:00:00,AMD
160.369995,160.880005,148.919998,149.110001,149.110001,64039100.0,2021-12-01T00:00:00,AMD
147.679993,152.529999,146.470001,150.679993,150.679993,56161200.0,2021-12-02T00:00:00,AMD
151.649994,152.380005,140.720001,144.009995,144.009995,65910000.0,2021-12-03T00:00:00,AMD
141.139999,141.309998,134.199997,139.059998,139.059998,66776500.0,2021-12-06T00:00:00,AMD
143.899994,145.759995,141.0,144.850006,144.850006,53359400.0,2021-12-07T00:00:00,AMD
144.960007,147.039993,142.699997,145.240005,145.240005,40977500.0,2021-12-08T00:00:00,AMD
145.160004,146.690002,137.800003,138.100006,138.100006,53019900.0,2021-12-09T00:00:00,AMD
141.289993,141.369995,135.820007,138.550003,138.550003,42224300.0,2021-12-10T00:00:00,AMD
138.25,139.399994,133.419998,133.800003,133.800003,42174000.0,2021-12-13T00:00:00,AMD
131.669998,137.240005,130.600006,135.600006,135.600006,50754600.0,2021-12-14T00:00:00,AMD
135.110001,146.690002,133.809998,146.5,146.5,72425800.0,2021-12-15T00:00:00,AMD
147.0,147.929993,137.020004,138.639999,138.639999,63369600.0,2021-12-16T00:00:00,AMD
136.300003,142.039993,136.110001,137.75,137.75,55642100.0,2021-12-17T00:00:00,AMD
135.970001,138.259995,133.520004,135.800003,135.800003,38195400.0,2021-12-20T00:00:00,AMD
138.190002,144.5,135.149994,144.25,144.25,57785200.0,2021-12-21T00:00:00,AMD
142.649994,144.5,140.270004,143.880005,143.880005,46923700.0,2021-12-22T00:00:00,AMD
143.889999,149.020004,143.850006,146.139999,146.139999,48653800.0,2021-12-23T00:00:00,AMD
147.509995,154.889999,147.25,154.360001,154.360001,53296400.0,2021-12-27T00:00:00,AMD
155.880005,156.729996,151.380005,153.149994,153.149994,58699100.0,2021-12-28T00:00:00,AMD
152.820007,154.339996,147.289993,148.259995,148.259995,51300200.0,2021-12-29T00:00:00,AMD
147.440002,148.850006,144.850006,145.149994,145.149994,44358000.0,2021-12-30T00:00:00,AMD
146.160004,148.610001,143.550003,143.899994,143.899994,49448100.0,2021-12-31T00:00:00,AMD
145.139999,151.649994,145.020004,150.240005,150.240005,59396600.0,2022-01-03T00:00:00,AMD
151.009995,152.419998,140.699997,144.419998,144.419998,80200500.0,2022-01-04T00:00:00,AMD
142.820007,143.759995,135.289993,136.149994,136.149994,65403200.0,2022-01-05T00:00:00,AMD
136.190002,138.0,131.770004,136.229996,136.229996,64802900.0,2022-01-06T00:00:00,AMD
136.279999,137.440002,131.130005,132.0,132.0,58441100.0,2022-01-07T00:00:00,AMD
129.080002,132.419998,125.029999,132.0,132.0,84671300.0,2022-01-10T00:00:00,AMD
133.449997,138.990005,131.589996,137.309998,137.309998,77153900.0,2022-01-11T00:00:00,AMD
138.589996,140.570007,135.770004,137.470001,137.470001,69669600.0,2022-01-12T00:00:00,AMD
139.440002,141.25,131.809998,132.740005,132.740005,76618100.0,2022-01-13T00:00:00,AMD
131.679993,137.0,131.429993,136.880005,136.880005,71078400.0,2022-01-14T00:00:00,AMD
134.5,136.389999,131.589996,131.929993,131.929993,56527400.0,2022-01-18T00:00:00,AMD
133.550003,134.570007,128.020004,128.270004,128.270004,69831800.0,2022-01-19T00:00:00,AMD
126.040001,128.509995,121.410004,121.889999,121.889999,91157300.0,2022-01-20T00:00:00,AMD
120.139999,125.019997,118.389999,118.809998,118.809998,95685300.0,2022-01-21T00:00:00,AMD
115.400002,116.769997,107.5,116.529999,116.529999,116210100.0,2022-01-24T00:00:00,AMD
114.099998,114.82,109.860001,111.129997,111.129997,85102900.0,2022-01-25T00:00:00,AMD
114.550003,117.160004,108.629997,110.709999,110.709999,94752600.0,2022-01-26T00:00:00,AMD
111.959999,112.75,101.940002,102.599998,102.599998,125954100.0,2022-01-27T00:00:00,AMD
101.550003,105.400002,99.349998,105.239998,105.239998,98749500.0,2022-01-28T00:00:00,AMD
107.93,114.309998,106.900002,114.25,114.25,97206000.0,2022-01-31T00:00:00,AMD
116.75,117.260002,112.730003,116.779999,116.779999,122467900.0,2022-02-01T00:00:00,AMD
129.889999,130.059998,120.639999,122.760002,122.760002,180065000.0,2022-02-02T00:00:00,AMD
120.32,125.370003,118.82,120.080002,120.080002,103599500.0,2022-02-03T00:00:00,AMD
120.339996,124.959999,118.580002,123.599998,123.599998,86212000.0,2022-02-04T00:00:00,AMD
123.559998,127.629997,122.790001,123.669998,123.669998,81672500.0,2022-02-07T00:00:00,AMD
122.379997,128.710007,122.050003,128.229996,128.229996,84902800.0,2022-02-08T00:00:00,AMD
129.600006,132.960007,127.650002,132.850006,132.850006,92948900.0,2022-02-09T00:00:00,AMD
128.839996,131.759995,124.610001,125.769997,125.769997,108939900.0,2022-02-10T00:00:00,AMD
126.139999,127.169998,111.809998,113.18,113.18,164723200.0,2022-02-11T00:00:00,AMD
115.510002,118.370003,113.459999,114.269997,114.269997,135146400.0,2022-02-14T00:00:00,AMD
117.190002,121.879997,114.360001,121.470001,121.470001,143975900.0,2022-02-15T00:00:00,AMD
119.050003,119.540001,114.220001,117.690002,117.690002,119109600.0,2022-02-16T00:00:00,AMD
116.260002,116.980003,112.260002,112.370003,112.370003,98179600.0,2022-02-17T00:00:00,AMD
113.900002,115.639999,109.889999,113.830002,113.830002,114321200.0,2022-02-18T00:00:00,AMD
115.269997,119.199997,113.610001,115.650002,115.650002,141648500.0,2022-02-22T00:00:00,AMD
117.400002,118.650002,109.040001,109.760002,109.760002,120299400.0,2022-02-23T00:00:00,AMD
104.559998,116.959999,104.260002,116.610001,116.610001,142956600.0,2022-02-24T00:00:00,AMD
117.160004,121.230003,116.040001,121.059998,121.059998,127821000.0,2022-02-25T00:00:00,AMD
120.309998,124.610001,119.199997,123.339996,123.339996,124666100.0,2022-02-28T00:00:00,AMD
122.330002,122.43,112.800003,113.830002,113.830002,126552200.0,2022-03-01T00:00:00,AMD
115.470001,119.480003,113.309998,118.279999,118.279999,118354500.0,2022-03-02T00:00:00,AMD
118.129997,118.260002,111.050003,111.980003,111.980003,123916700.0,2022-03-03T00:00:00,AMD
112.0,113.0,106.809998,108.410004,108.410004,100609400.0,2022-03-04T00:00:00,AMD
108.529999,109.529999,102.82,102.949997,102.949997,92600000.0,2022-03-07T00:00:00,AMD
102.809998,109.900002,100.080002,105.529999,105.529999,135348300.0,2022-03-08T00:00:00,AMD
108.410004,111.709999,106.849998,111.050003,111.050003,102310300.0,2022-03-09T00:00:00,AMD
108.889999,109.07,103.07,106.459999,106.459999,102557400.0,2022-03-10T00:00:00,AMD
108.129997,108.190002,104.080002,104.290001,104.290001,87584400.0,2022-03-11T00:00:00,AMD
102.989998,105.239998,101.040001,102.25,102.25,89731700.0,2022-03-14T00:00:00,AMD
102.660004,109.690002,101.790001,109.330002,109.330002,112425500.0,2022-03-15T00:00:00,AMD
111.599998,115.419998,109.889999,115.370003,115.370003,113689800.0,2022-03-16T00:00:00,AMD
112.139999,114.269997,109.709999,111.690002,111.690002,103201700.0,2022-03-17T00:00:00,AMD
111.279999,114.93,110.550003,113.459999,113.459999,105834800.0,2022-03-18T00:00:00,AMD
113.730003,117.57,112.540001,115.919998,115.919998,101905900.0,2022-03-21T00:00:00,AMD
115.43,117.949997,113.809998,114.779999,114.779999,101672600.0,2022-03-22T00:00:00,AMD
114.290001,117.550003,112.209999,113.919998,113.919998,90579200.0,2022-03-23T00:00:00,AMD
114.959999,120.550003,113.709999,120.529999,120.529999,121961300.0,2022-03-24T00:00:00,AMD
119.919998,121.400002,117.25,119.669998,119.669998,95852400.0,2022-03-25T00:00:00,AMD
117.699997,120.410004,116.709999,120.239998,120.239998,92966100.0,2022-03-28T00:00:00,AMD
122.279999,123.709999,119.589996,123.230003,123.230003,94143000.0,2022-03-29T00:00:00,AMD
123.040001,125.669998,118.589996,119.220001,119.220001,99476900.0,2022-03-30T00:00:00,AMD
116.309998,116.379997,109.019997,109.339996,109.339996,147004800.0,2022-03-31T00:00:00,AMD
110.480003,111.419998,106.099998,108.190002,108.190002,111867100.0,2022-04-01T00:00:00,AMD
109.970001,110.940002,107.029999,110.529999,110.529999,90123900.0,2022-04-04T00:00:00,AMD
109.690002,110.480003,106.050003,106.82,106.82,79532000.0,2022-04-05T00:00:00,AMD
104.449997,105.739998,101.709999,103.669998,103.669998,105256600.0,2022-04-06T00:00:00,AMD
103.919998,105.239998,100.910004,103.720001,103.720001,91895500.0,2022-04-07T00:00:00,AMD
102.510002,102.989998,100.419998,101.0,101.0,92746700.0,2022-04-08T00:00:00,AMD
98.599998,98.669998,95.940002,97.370003,97.370003,95527700.0,2022-04-11T00:00:00,AMD
98.779999,99.589996,94.599998,95.099998,95.099998,89246400.0,2022-04-12T00:00:00,AMD
95.300003,98.330002,94.709999,97.739998,97.739998,77728400.0,2022-04-13T00:00:00,AMD
98.370003,98.389999,92.919998,93.059998,93.059998,73354400.0,2022-04-14T00:00:00,AMD
92.029999,95.160004,91.639999,93.889999,93.889999,80605800.0,2022-04-18T00:00:00,AMD
93.389999,97.07,92.839996,96.93,96.93,77069500.0,2022-04-19T00:00:00,AMD
97.839996,97.910004,93.199997,94.019997,94.019997,62489000.0,2022-04-20T00:00:00,AMD
95.160004,96.230003,89.239998,89.849998,89.849998,76680600.0,2022-04-21T00:00:00,AMD
90.029999,91.459999,87.940002,88.139999,88.139999,75017700.0,2022-04-22T00:00:00,AMD
89.860001,91.370003,88.610001,90.690002,90.690002,93481000.0,2022-04-25T00:00:00,AMD
89.739998,90.120003,85.080002,85.160004,85.160004,89127400.0,2022-04-26T00:00:00,AMD
84.25,87.900002,84.019997,84.910004,84.910004,83125100.0,2022-04-27T00:00:00,AMD
86.669998,90.580002,84.779999,89.639999,89.639999,91495400.0,2022-04-28T00:00:00,AMD
88.050003,91.790001,85.379997,85.519997,85.519997,82647700.0,2022-04-29T00:00:00,AMD
85.660004,90.370003,85.32,89.839996,89.839996,98304100.0,2022-05-02T00:00:00,AMD
89.849998,92.209999,89.010002,91.129997,91.129997,126381800.0,2022-05-03T00:00:00,AMD
98.18,99.690002,91.699997,99.419998,99.419998,225394100.0,2022-05-04T00:00:00,AMD
97.650002,97.839996,92.169998,93.870003,93.870003,153129800.0,2022-05-05T00:00:00,AMD
94.339996,98.18,92.650002,95.339996,95.339996,144286600.0,2022-05-06T00:00:00,AMD
92.870003,93.739998,85.379997,86.360001,86.360001,144523700.0,2022-05-09T00:00:00,AMD
89.18,90.769997,85.410004,88.730003,88.730003,137235500.0,2022-05-10T00:00:00,AMD
87.839996,93.459999,86.529999,87.919998,87.919998,136137900.0,2022-05-11T00:00:00,AMD
86.599998,88.550003,83.269997,87.059998,87.059998,129214200.0,2022-05-12T00:00:00,AMD
88.300003,96.57,88.220001,95.120003,95.120003,138068100.0,2022-05-13T00:00:00,AMD
93.860001,98.169998,93.080002,94.239998,94.239998,131065700.0,2022-05-16T00:00:00,AMD
97.879997,103.199997,97.540001,102.470001,102.470001,164227200.0,2022-05-17T00:00:00,AMD
100.0,104.220001,95.709999,96.279999,96.279999,142603200.0,2022-05-18T00:00:00,AMD
96.690002,100.690002,95.089996,96.669998,96.669998,141506200.0,2022-05-19T00:00:00,AMD
98.389999,98.639999,88.260002,93.5,93.5,164126800.0,2022-05-20T00:00:00,AMD
91.660004,95.190002,90.919998,95.07,95.07,128773000.0,2022-05-23T00:00:00,AMD
92.540001,93.419998,89.620003,91.160004,91.160004,123341400.0,2022-05-24T00:00:00,AMD
90.43,93.889999,89.519997,92.650002,92.650002,111771100.0,2022-05-25T00:00:00,AMD
91.339996,100.330002,90.739998,98.75,98.75,128792700.0,2022-05-26T00:00:00,AMD
100.139999,102.400002,99.379997,102.260002,102.260002,104348400.0,2022-05-27T00:00:00,AMD
102.43,104.550003,100.040001,101.860001,101.860001,125102900.0,2022-05-31T00:00:00,AMD
102.129997,103.57,99.550003,101.220001,101.220001,99351400.0,2022-06-01T00:00:00,AMD
100.779999,109.5,100.779999,108.589996,108.589996,120953800.0,2022-06-02T00:00:00,AMD
105.800003,109.389999,104.650002,106.300003,106.300003,110801500.0,2022-06-03T00:00:00,AMD
108.269997,109.57,104.230003,105.650002,105.650002,96726900.0,2022-06-06T00:00:00,AMD
104.239998,106.239998,102.610001,105.279999,105.279999,79022900.0,2022-06-07T00:00:00,AMD
104.57,105.849998,100.410004,101.900002,101.900002,97641900.0,2022-06-08T00:00:00,AMD
101.57,103.940002,98.739998,98.800003,98.800003,95299000.0,2022-06-09T00:00:00,AMD
98.82,99.93,94.25,94.82,94.82,102135400.0,2022-06-10T00:00:00,AMD
91.260002,92.029999,86.639999,86.989998,86.989998,98148800.0,2022-06-13T00:00:00,AMD
87.410004,88.300003,85.82,86.989998,86.989998,84066600.0,2022-06-14T00:00:00,AMD
87.900002,90.860001,86.190002,89.300003,89.300003,95774800.0,2022-06-15T00:00:00,AMD
86.629997,86.730003,80.639999,82.050003,82.050003,102433300.0,2022-06-16T00:00:00,AMD
82.190002,82.940002,79.43,81.57,81.57,105125700.0,2022-06-17T00:00:00,AMD
84.169998,85.809998,82.599998,83.790001,83.790001,87780600.0,2022-06-21T00:00:00,AMD
84.400002,86.379997,83.300003,83.75,83.75,86634700.0,2022-06-22T00:00:00,AMD
84.32,84.410004,80.230003,82.43,82.43,100614600.0,2022-06-23T00:00:00,AMD
83.559998,87.529999,83.080002,87.080002,87.080002,88553900.0,2022-06-24T00:00:00,AMD
87.360001,88.220001,85.25,86.160004,86.160004,74663500.0,2022-06-27T00:00:00,AMD
85.709999,86.730003,80.43,80.779999,80.779999,95618600.0,2022-06-28T00:00:00,AMD
79.550003,79.75,76.510002,77.989998,77.989998,104140900.0,2022-06-29T00:00:00,AMD
77.730003,78.910004,75.480003,76.470001,76.470001,105368600.0,2022-06-30T00:00:00,AMD
75.190002,75.449997,72.690002,73.669998,73.669998,87633300.0,2022-07-01T00:00:00,AMD
71.980003,75.209999,71.599998,75.199997,75.199997,95589000.0,2022-07-05T00:00:00,AMD
75.169998,76.279999,73.550003,75.349998,75.349998,85280000.0,2022-07-06T00:00:00,AMD
